operation,datetime,price
Сбербанк,28.08.2024 08:14,126.02
Сбербанк,29.08.2024 08:10,1500.0
Сбербанк,29.08.2024 17:57,2000.0
Сбербанк,30.08.2024 14:11,2000.0
OBEDOV,28.08.2024 12:41,-120.0
Оплата товаров и услуг OBEDOV,29.08.2024 12:37,-120.0
Оплата товаров и услуг SPLIT,29.08.2024 17:59,-1060.0
OOO BAROLINO,30.08.2024 22:54,-800.0
Оплата товаров и услуг nordbc.uds,30.08.2024 16:17,-1000.0
FRUKTY,29.08.2024 08:10,20240.0
ERMOLINO,29.08.2024 17:51,-522.51
Сбербанк,31.08.2024 17:17,1000.0
FRUKTY,30.08.2024 08:03,-75.0
Сбербанк,31.08.2024 22:10,1200.0
Оплата товаров и услуг BUSHE,31.08.2024 15:31,-445.0
PEREKRESTOK VOSSTANIYA,30.08.2024 21:12,-199.98
Оплата товаров и услуг DNS  4560,30.08.2024 21:30,-150.0
на банковский счёт,01.09.2024 20:21,-3263.53
на банковский счёт,01.09.2024 20:21,3263.53
Оплата товаров и услуг OBEDOV,30.08.2024 12:45,-120.0
PYATEROCHKA 11,31.08.2024 17:17,-1324.21
OBEDOV,02.09.2024 12:40,-120.0
Оплата товаров и услуг Rostics,01.09.2024 19:16,-300.0
G.M.,03.09.2024 08:11,-145.0
OBEDOV,03.09.2024 12:56,-100.0
LAVKA,05.09.2024 14:19,-507.0
LAVKA,05.09.2024 14:19,20240.0
Сбербанк,06.09.2024 08:12,450.0
OBEDOV,05.09.2024 12:24,-120.0
LYUBYAT,04.09.2024 17:23,-76.0
PEREKRESTOK PLESECKAYA,04.09.2024 17:41,-139.99
Сбербанк,07.09.2024 10:05,30000.19
клиента,07.09.2024 10:12,-30000.0
OBEDOV,06.09.2024 12:48,-120.0
Сбербанк,07.09.2024 21:06,4800.54
Сбербанк,07.09.2024 22:03,-550.0
SEMISHAGOFF,05.09.2024 23:38,-244.97
BULOCHNAYA,06.09.2024 08:12,-100.0
MM  ALIBASHAY,06.09.2024 18:37,-50.99
клиента,09.09.2024 11:55,-2000.0
Оплата товаров и услуг nordbc.uds,08.09.2024 15:00,-800.0
PEREKRESTOK PLESECKAYA,07.09.2024 21:06,-249.98
LYUBYAT,07.09.2024 19:07,-76.0
клиента,09.09.2024 17:52,1000.0
Сбербанк,10.09.2024 13:18,2420.0
клиента,10.09.2024 13:19,-2000.0
клиента,10.09.2024 13:19,-1000.0
Оплата товаров и услуг SPBPU,09.09.2024 17:53,-1420.0
клиента,10.09.2024 21:12,500.0
YANDEX.TAXI,10.09.2024 21:45,-575.0
YANDEX.TAXI,11.09.2024 00:52,-98.0
клиента,11.09.2024 02:23,500.0
клиента,11.09.2024 02:28,300.0
YANDEX.TAXI,11.09.2024 02:58,-617.0
OBEDOV,10.09.2024 13:02,-120.0
Сбербанк,12.09.2024 15:58,2000.0
EDA,12.09.2024 15:58,-427.5
EDA,12.09.2024 15:58,-2.5
EDA,12.09.2024 16:02,-4.0
YANDEX.SPLIT,12.09.2024 17:52,-1060.0
YANDEX.HELP,10.09.2024 21:45,-5.0
YANDEX.HELP,11.09.2024 00:52,-2.0
YANDEX.HELP,11.09.2024 02:58,-3.0
Оплата товаров и услуг OBEDOV,12.09.2024 12:23,-120.0
Сбербанк,14.09.2024 11:15,500.0
"53, Сбербанк",14.09.2024 11:16,100.0
LAVKA,14.09.2024 11:17,-3.0
LAVKA,14.09.2024 11:17,-587.0
OBEDOV,13.09.2024 13:06,-165.0
KHLEB,12.09.2024 15:21,-80.0
клиента,14.09.2024 17:57,1000.0
Банк,14.09.2024 17:58,-1000.0
BULOCHNAYA 67,13.09.2024 17:27,-204.0
Сбербанк,16.09.2024 00:51,36702.25
клиента,16.09.2024 00:52,-30000.0
клиента,16.09.2024 00:52,-5000.0
EDA,16.09.2024 17:02,-619.14
OBEDOV,17.09.2024 13:28,-100.0
клиента,18.09.2024 16:36,1000.0
"913 596-69-53, Сбербанк",18.09.2024 16:41,-1000.0
MM  ALIBASHAY,16.09.2024 18:00,-79.98
клиента,18.09.2024 21:47,2100.0
Т-Банк,18.09.2024 21:50,-2100.0
клиента,18.09.2024 23:57,1500.0
Сбербанк,18.09.2024 23:58,-1550.0
CEKH85,17.09.2024 20:48,-249.0
PYATEROCHKA 11,17.09.2024 20:37,-109.95
FRUKTY,17.09.2024 08:27,-120.0
PYATEROCHKA 11,17.09.2024 21:09,-406.94
клиента,19.09.2024 20:08,1000.0
Оплата СБП QR (Сервисы Яндекса),19.09.2024 20:08,-665.4
Оплата СБП QR (Сервисы Яндекса),19.09.2024 20:08,-4.6
клиента,20.09.2024 08:21,1362.0
Сбербанк,20.09.2024 08:22,-300.0
OBEDOV,19.09.2024 12:27,-120.0
Оплата СБП QR (Wildberries),20.09.2024 17:24,-10.0
клиента,20.09.2024 23:35,3000.0
Банк,20.09.2024 23:37,-3048.0
OBEDOV,20.09.2024 12:47,-120.0
клиента,22.09.2024 07:21,2000.0
клиента,22.09.2024 10:33,1000.0
клиента,22.09.2024 11:17,1000.0
"15-01, Сбербанк",22.09.2024 11:19,-1200.0
Y.M*FIRSTBYTE.PRO,21.09.2024 14:52,-291.52
CEKH85,20.09.2024 20:02,-46.0
CEKH85,20.09.2024 19:59,-488.0
клиента,23.09.2024 09:04,1000.0
"913 596-69-53, Сбербанк",23.09.2024 09:10,-778.0
Оплата товаров и услуг AO SZPPK.,22.09.2024 09:36,-115.0
Оплата товаров и услуг AO SZPPK.,22.09.2024 09:36,-115.0
Оплата товаров и услуг AO SZPPK.,22.09.2024 09:36,-115.0
VOKZ.AO SZP,22.09.2024 07:55,-230.0
BALT LO,22.09.2024 16:23,-35.0
BALT LO,22.09.2024 17:46,-35.0
клиента,23.09.2024 21:10,1000.0
Оплата СБП QR (Сервисы Яндекса),23.09.2024 21:11,-568.0
Оплата СБП QR (Сервисы Яндекса),23.09.2024 21:11,-2.0
Politekhnichesk N 1193,22.09.2024 07:21,-1305.0
Оплата товаров и услуг SAMOKAT,23.09.2024 09:12,-222.0
TOCHKA 70110,22.09.2024 08:18,-213.0
Оплата товаров и услуг LENTA-10,22.09.2024 08:40,-308.47
Оплата товаров и услуг SUSHI WOK,22.09.2024 10:33,-508.0
Оплата товаров и услуг SUSHI WOK,22.09.2024 10:46,-139.0
Сбербанк,25.09.2024 01:24,800.0
"913 596-69-53, Сбербанк",25.09.2024 09:31,-800.0
OBEDOV,24.09.2024 12:57,-100.0
клиента,26.09.2024 20:01,17000.0
Галерея),26.09.2024 20:01,-16125.0
Оплата СБП QR (М.Видео302),26.09.2024 20:21,-794.0
клиента,26.09.2024 20:31,1000.0
Оплата товаров и услуг DELIVERY,26.09.2024 21:45,-614.82
Сбербанк,27.09.2024 08:06,3851.0
Сбербанк,27.09.2024 12:42,13000.0
клиента,27.09.2024 12:43,-16000.0
клиента,27.09.2024 14:18,1000.0
клиента,27.09.2024 14:20,1000.0
YANDEX.SPLIT,27.09.2024 14:21,-1060.0
"913 596-69-53, Сбербанк",27.09.2024 21:52,-700.0
APPLE SPB Gal,26.09.2024 20:32,-556.76
OBEDOV,26.09.2024 12:28,-120.0
KUZNETSOV I.V.,25.09.2024 14:27,-75.0
Оплата товаров и услуг SPLIT,27.09.2024 14:20,-1060.0
KHLEB,26.09.2024 17:18,-60.0
Сбербанк,29.09.2024 11:29,13671.29
клиента,29.09.2024 11:30,-11000.0
"913 596-69-53, Сбербанк",29.09.2024 11:42,-1000.0
Оплата СБП QR (Wildberries),29.09.2024 11:44,-502.0
клиента,29.09.2024 17:43,1000.0
Оплата товаров и услуг DELIVERY,29.09.2024 17:41,-9.0
Оплата товаров и услуг DELIVERY,29.09.2024 17:41,-801.0
Оплата товаров и услуг DELIVERY,29.09.2024 17:44,-327.0
Оплата товаров и услуг DELIVERY,29.09.2024 17:44,-3.0
клиента,30.09.2024 11:38,1000.0
"913 596-69-53, Сбербанк",30.09.2024 11:39,-1000.0
Оплата товаров и услуг OBEDOV,27.09.2024 12:38,-120.0
клиента,30.09.2024 18:49,1000.0
TOTEM,30.09.2024 01:07,-599.0
SEMISHAGOFF,29.09.2024 14:33,-169.98
клиента,01.10.2024 21:18,1000.0
клиента,02.10.2024 13:15,2500.0
"913 596-69-53, Сбербанк",02.10.2024 13:16,-2500.0
OBEDOV,01.10.2024 12:37,-147.0
PYATEROCHKA 11,30.09.2024 19:06,-378.66
Оплата СБП QR (Сервисы Яндекса),02.10.2024 15:33,-54.0
Оплата СБП QR (Сервисы Яндекса),02.10.2024 15:33,-6.0
ERMOLINO,30.09.2024 18:49,-413.64
клиента,03.10.2024 12:38,500.0
2078,01.10.2024 22:24,-269.98
IZDANIYA,01.10.2024 21:19,-927.0
клиента,03.10.2024 20:10,1000.0
клиента,03.10.2024 20:15,365.0
OBEDOV,03.10.2024 12:38,-117.0
"913 596-69-53, Сбербанк",04.10.2024 23:59,-200.0
клиента,05.10.2024 09:56,490.0
"913 596-69-53, Сбербанк",05.10.2024 09:57,-490.0
OBEDOV,04.10.2024 12:51,-147.0
Оплата товаров и услуг KHLEBNIK,03.10.2024 20:15,-325.0
PYATEROCHKA 11,03.10.2024 20:10,-956.9
клиента,05.10.2024 20:28,500.0
клиента,06.10.2024 10:19,700.0
Оплата товаров и услуг DELIVERY,06.10.2024 10:20,-773.0
Оплата товаров и услуг DELIVERY,06.10.2024 10:20,-7.0
Оплата товаров и услуг DELIVERY,06.10.2024 10:40,-64.87
клиента,06.10.2024 17:15,391.0
Сбербанк,07.10.2024 13:52,500.0
CEKH85,05.10.2024 20:28,-318.0
MM LIMONNAYA,05.10.2024 20:55,-119.98
клиента,08.10.2024 14:16,500.0
MM  ALIBASHAY,06.10.2024 17:15,-119.99
PYATEROCHKA 11,06.10.2024 20:41,-139.97
Сбербанк,08.10.2024 17:06,2053.5
клиента,08.10.2024 17:07,-2000.0
YANDEX*7832*AFISHA,08.10.2024 13:59,-700.0
OBEDOV,08.10.2024 14:16,-230.0
Сбербанк,09.10.2024 16:01,2000.0
Оплата товаров и услуг DELIVERY,09.10.2024 16:02,-976.0
Оплата товаров и услуг DELIVERY,09.10.2024 16:02,-4.0
Оплата СБП QR (Wildberries),09.10.2024 19:28,-306.0
клиента,10.10.2024 21:04,5000.0
клиента,10.10.2024 22:03,300.0
клиента,11.10.2024 08:59,331.39
клиента,11.10.2024 12:48,100.0
"53, Сбербанк",11.10.2024 13:21,2000.0
OBEDOV,10.10.2024 12:40,-147.0
Оплата товаров и услуг BULKI,10.10.2024 16:19,-250.0
Y.M*FIRSTBYTE.PRO,11.10.2024 09:00,-292.54
OBEDOV,11.10.2024 12:48,-147.0
LYUBYAT,10.10.2024 19:27,-235.0
ANASTA,10.10.2024 21:04,-4540.0
PYATEROCHKA 11,10.10.2024 22:09,-1147.72
Оплата товаров и услуг KHLEBNIK,13.10.2024 11:41,-175.0
PYATEROCHKA 15609,13.10.2024 14:35,-69.99
Сбербанк,14.10.2024 18:14,31800.1
клиента,14.10.2024 18:15,-30000.0
Альфа Банк,14.10.2024 18:19,-500.0
"913 596-69-53, Сбербанк",14.10.2024 18:43,-350.0
PYATEROCHKA 11,13.10.2024 11:39,-1211.29
клиента,16.10.2024 12:45,15000.0
"913 596-69-53, Сбербанк",16.10.2024 12:46,-15000.0
G.M.,15.10.2024 08:05,-121.0
"53, Сбербанк",16.10.2024 13:47,15000.0
OBEDOV,15.10.2024 12:30,-117.0
клиента,17.10.2024 07:29,-13000.0
PIROGOVYY DVORIK,16.10.2024 13:29,-399.0
клиента,17.10.2024 19:32,4000.0
клиента,17.10.2024 20:07,2000.0
"53, Сбербанк",17.10.2024 21:48,4000.0
OBEDOV,17.10.2024 12:45,-175.0
PYATEROCHKA 11,16.10.2024 22:44,-1713.92
OBEDOV,18.10.2024 13:00,-147.0
PEREKRESTOK,17.10.2024 20:09,-1524.23
Оплата товаров и услуг DNS 2615,17.10.2024 19:32,-4857.0
"913 596-69-53, Сбербанк",19.10.2024 18:50,-800.0
Банк,19.10.2024 18:57,-416.0
A A IP,19.10.2024 19:25,-1000.0
LAVKA,21.10.2024 11:09,-1.0
LAVKA,21.10.2024 11:09,-969.0
PYATEROCHKA 11,19.10.2024 21:31,-693.94
клиента,21.10.2024 20:29,1000.0
клиента,22.10.2024 07:38,1000.0
клиента,22.10.2024 17:10,2000.0
"913 596-69-53, Сбербанк",22.10.2024 17:12,-2000.0
AO TRETI,22.10.2024 07:30,-44.0
OBEDOV,22.10.2024 12:59,-117.0
LANDAREV A V,21.10.2024 20:29,-748.0
клиента,23.10.2024 14:11,300.0
KING 0735,21.10.2024 20:34,-359.96
Оплата СБП QR (oplata_beeline),23.10.2024 19:43,-150.0
клиента,23.10.2024 21:52,4200.0
Т-Банк,23.10.2024 21:58,-4200.0
клиента,23.10.2024 22:16,200.0
Politekhnichesk N 1193,22.10.2024 07:41,-1305.0
BAGIROV BAGIR ORUDZ,23.10.2024 14:12,-90.0
клиента,24.10.2024 17:42,630.0
"913 596-69-53, Сбербанк",24.10.2024 17:43,-500.0
клиента,24.10.2024 21:58,1000.0
"913 596-69-53, Сбербанк",24.10.2024 21:59,-1000.0
клиента,24.10.2024 22:15,500.0
клиента,25.10.2024 12:36,200.0
OBEDOV,24.10.2024 12:45,-117.0
SEMISHAGOFF,23.10.2024 22:16,-169.99
Сбербанк,25.10.2024 19:18,8000.0
клиента,25.10.2024 19:19,-8000.0
Оплата товаров и услуг DELIVERY,25.10.2024 20:27,-3.0
Оплата товаров и услуг DELIVERY,25.10.2024 20:27,-3.0
клиента,26.10.2024 07:56,365.0
YANDEX.TAXI,26.10.2024 08:03,-244.0
G.M.,25.10.2024 08:12,-91.0
OBEDOV,25.10.2024 12:37,-147.0
PYATEROCHKA 11,24.10.2024 22:15,-543.43
клиента,26.10.2024 18:13,1000.0
Банк,26.10.2024 18:51,-590.0
клиента,26.10.2024 20:12,500.0
клиента,26.10.2024 20:13,500.0
клиента,26.10.2024 20:19,500.0
Оплата товаров и услуг KHLEBNIK,26.10.2024 20:20,-329.0
клиента,27.10.2024 19:15,2000.0
клиента,27.10.2024 19:32,3200.0
клиента,27.10.2024 19:46,500.0
клиента,27.10.2024 20:14,600.0
клиента,28.10.2024 11:22,200.0
APPLE SPB Gal,27.10.2024 19:46,-475.8
IBY0,27.10.2024 19:33,-3799.0
YM*YACHARITY,26.10.2024 08:34,-6.0
"53, Сбербанк",28.10.2024 14:31,5400.0
PYATEROCHKA 11,26.10.2024 20:13,-1274.75
Альфа Банк,28.10.2024 17:14,-179.0
"913 596-69-53, Сбербанк",28.10.2024 19:28,-900.0
клиента,28.10.2024 19:28,-4000.0
клиента,28.10.2024 22:06,700.0
"913 596-69-53, Сбербанк",28.10.2024 22:07,-1000.0
YORKER LIGOVSKIY,27.10.2024 19:16,-1699.0
KRASNOE&BELOE,27.10.2024 15:07,-91.29
PEREKRESTOK VOSSTANIYA,27.10.2024 20:15,-637.34
"53, Сбербанк",29.10.2024 14:36,700.0
Сбербанк,30.10.2024 09:45,12481.83
OBEDOV,29.10.2024 12:49,-117.0
клиента,30.10.2024 13:50,-12000.0
PYATEROCHKA 11,28.10.2024 11:22,-86.98
"913 596-69-53, Сбербанк",30.10.2024 15:57,-1000.0
клиента,30.10.2024 16:08,400.0
"913 596-69-53, Сбербанк",30.10.2024 16:09,-500.0
Сбербанк,31.10.2024 07:18,10000.0
Т-Банк,31.10.2024 07:23,-1073.18
клиента,31.10.2024 07:28,-8500.0
клиента,31.10.2024 21:35,500.0
"913 596-69-53, Сбербанк",31.10.2024 21:36,-500.0
PYATEROCHKA 11,30.10.2024 13:56,-158.98
Оплата СБП QR (Wildberries),01.11.2024 18:16,-402.0
клиента,02.11.2024 14:01,2000.0
"913 596-69-53, Сбербанк",02.11.2024 14:02,-1000.0
клиента,03.11.2024 19:48,1200.0
Т-Банк,03.11.2024 19:48,-2039.34
клиента,03.11.2024 22:12,500.0
Т-Банк,03.11.2024 22:13,-200.0
Т-Банк,03.11.2024 22:13,-490.0
Т-Банк,03.11.2024 22:21,30.0
клиента,05.11.2024 21:49,2000.0
Т-Банк,05.11.2024 21:49,-2000.0
клиента,05.11.2024 21:50,200.0
Т-Банк,05.11.2024 21:50,-200.0
клиента,06.11.2024 16:28,1000.0
Т-Банк,06.11.2024 16:30,-1000.0
клиента,06.11.2024 18:39,408.0
Т-Банк,06.11.2024 18:40,-408.0
клиента,07.11.2024 10:02,1000.0
"913 596-69-53, Сбербанк",07.11.2024 10:03,-1000.0
клиента,07.11.2024 10:07,1000.0
клиента,07.11.2024 10:26,1000.0
Сбербанк,07.11.2024 10:27,-1000.0
клиента,07.11.2024 10:33,1000.0
Т-Банк,07.11.2024 10:36,-1000.0
"53, Сбербанк",07.11.2024 14:59,1000.0
Т-Банк,07.11.2024 18:46,-1000.0
Сбербанк,07.11.2024 23:23,370.0
Y.M*BOOKING,07.11.2024 10:08,-990.0
"53, Сбербанк",08.11.2024 15:08,5000.0
клиента,08.11.2024 16:19,-5000.0
клиента,09.11.2024 14:15,400.0
"913 596-69-53, Сбербанк",09.11.2024 14:15,-800.0
"53, Сбербанк",10.11.2024 00:07,1000.0
Т-Банк,10.11.2024 00:56,-1000.0
Сбербанк,10.11.2024 12:18,8000.0
Оплата СБП QR (Wildberries),10.11.2024 12:58,-1202.0
Оплата СБП QR (Wildberries),10.11.2024 12:58,-1275.0
Т-Банк,10.11.2024 13:59,-1500.0
клиента,10.11.2024 18:01,1000.0
Т-Банк,10.11.2024 18:02,-3000.0
Т-Банк,10.11.2024 18:03,-700.0
Т-Банк,11.11.2024 20:20,1500.0
Оплата СБП QR (Сервисы Яндекса),11.11.2024 20:21,-1479.0
Оплата СБП QR (Сервисы Яндекса),11.11.2024 20:21,-1.0
Т-Банк,12.11.2024 12:21,1028.89
Сбербанк,12.11.2024 12:23,-10.0
Сбербанк,12.11.2024 12:24,10.0
Оплата товаров и услуг OKEY,10.11.2024 13:59,-1326.96
OBEDOV,12.11.2024 13:08,-117.0
OBEDOV,12.11.2024 13:33,-100.0
Сбербанк,13.11.2024 14:11,-400.0
клиента,13.11.2024 22:47,866.0
Сбербанк,14.11.2024 14:26,42298.17
клиента,14.11.2024 14:28,-42000.0
SOLNECHNYJ DEN 51L77,13.11.2024 12:39,-209.0
Банк,14.11.2024 19:59,990.0
клиента,14.11.2024 22:11,1000.0
клиента,14.11.2024 22:12,1000.0
Сбербанк,15.11.2024 01:08,-800.0
Сбербанк,15.11.2024 07:53,10000.0
клиента,15.11.2024 07:55,-10000.0
OOO BAROLINO,14.11.2024 22:14,-1990.0
PYATEROCHKA 91,13.11.2024 22:48,-819.94
PEREKRESTOK,13.11.2024 16:05,-119.94
клиента,16.11.2024 12:41,400.0
клиента,16.11.2024 13:14,1500.0
OBEDOV,15.11.2024 12:22,-207.0
клиента,17.11.2024 07:47,300.0
клиента,17.11.2024 09:30,1000.0
клиента,17.11.2024 09:31,1000.0
"15-01, Альфа Банк",17.11.2024 09:32,-2100.0
Банк,17.11.2024 09:34,700.0
клиента,17.11.2024 13:17,100.0
Y.M*FIRSTBYTE.PRO,16.11.2024 11:22,-411.6
клиента,17.11.2024 17:46,200.0
перевозок_13),17.11.2024 17:47,-109.0
PYATEROCHKA 7050,16.11.2024 13:15,-1437.63
PRACHECHNAYA,16.11.2024 12:41,-340.0
VOKZ.AO SZP,17.11.2024 07:48,-115.0
клиента,18.11.2024 17:23,1000.0
клиента,18.11.2024 22:57,2000.0
клиента,18.11.2024 22:57,400.0
Банк,19.11.2024 00:59,1000.0
PIZZA,17.11.2024 13:19,-985.0
PRACHECHNAYA,17.11.2024 20:03,-30.0
Оплата СБП QR (Wildberries),20.11.2024 12:43,-421.0
клиента,20.11.2024 13:13,500.0
OBEDOV,19.11.2024 12:56,-117.0
PYATEROCHKA 7050,18.11.2024 17:23,-250.97
Оплата товаров и услуг LESNOJ,18.11.2024 17:32,-257.0
LAPSHA,18.11.2024 22:57,-2930.0
Банк,21.11.2024 11:02,200.0
PASSAZHIRAVTOTRANS,21.11.2024 14:08,-44.0
клиента,21.11.2024 18:05,500.0
клиента,21.11.2024 18:05,200.0
клиента,21.11.2024 18:05,300.0
клиента,22.11.2024 08:16,1500.0
PYATEROCHKA 7050,20.11.2024 13:14,-611.33
MM BLANKENBURG,20.11.2024 13:27,-399.76
OBEDOV,21.11.2024 12:43,-117.0
KITCHEN_2,21.11.2024 18:05,-780.5
клиента,22.11.2024 18:07,1000.0
клиента,22.11.2024 22:50,2000.0
Оплата СБП QR (Dzamiko),22.11.2024 22:53,-169.0
клиента,23.11.2024 00:52,600.0
Оплата СБП QR (Сервисы Яндекса),23.11.2024 01:17,-825.0
1171,22.11.2024 08:17,-1305.0
клиента,23.11.2024 14:30,700.0
Оплата СБП QR (Сервисы Яндекса),23.11.2024 14:30,-659.0
Оплата СБП QR (Сервисы Яндекса),23.11.2024 14:31,-1.0
OBEDOV,22.11.2024 13:40,-117.0
Оплата товаров и услуг MAGAZIN 1,22.11.2024 17:54,-176.0
клиента,24.11.2024 14:03,4400.0
клиента,24.11.2024 14:26,400.0
Оплата товаров и услуг BEELINE,22.11.2024 18:17,-750.0
клиента,24.11.2024 15:24,1500.0
Оплата СБП QR (Сервисы Яндекса),24.11.2024 15:24,-1130.0
Оплата СБП QR (Сервисы Яндекса),24.11.2024 15:25,-537.0
Оплата СБП QR (Сервисы Яндекса),24.11.2024 15:25,-3.0
Оплата товаров и услуг KAFE,22.11.2024 20:22,-350.0
Оплата товаров и услуг DZAMIKO.,22.11.2024 22:50,-1560.0
YM*YACHARITY,23.11.2024 01:18,-5.0
Оплата товаров и услуг BEELINE,23.11.2024 11:36,-80.0
Сбербанк,25.11.2024 14:44,9700.0
клиента,25.11.2024 14:45,-9700.0
клиента,25.11.2024 15:24,1600.0
Озон Банк (Ozon),25.11.2024 15:25,-1600.0
Озон Банк (Ozon),25.11.2024 15:27,-10.0
клиента,25.11.2024 21:35,300.0
клиента,26.11.2024 08:38,58.0
клиента,26.11.2024 13:49,200.0
PYATEROCHKA 7050,24.11.2024 13:18,-39.99
MM BLANKENBURG,24.11.2024 14:26,-304.79
Оплата товаров и услуг OKEY,24.11.2024 14:07,-4318.11
клиента,26.11.2024 18:28,300.0
клиента,26.11.2024 20:06,6.0
Оплата СБП QR (Сервисы Яндекса),26.11.2024 20:06,-44.0
Оплата СБП QR (Сервисы Яндекса),26.11.2024 20:06,-6.0
клиента,26.11.2024 22:28,494.0
Озон Банк (Ozon),26.11.2024 22:29,-394.0
CEKH85,25.11.2024 21:40,-288.0
OBEDOV,26.11.2024 13:52,-117.0
Оплата товаров и услуг MAGAZIN 1,26.11.2024 08:40,-118.0
клиента,27.11.2024 19:26,58.0
Оплата СБП QR (Сервисы Яндекса),27.11.2024 22:12,-64.0
Оплата СБП QR (Сервисы Яндекса),27.11.2024 22:12,-6.0
клиента,27.11.2024 22:12,500.0
Яндекса),27.11.2024 22:25,64.0
Яндекса),27.11.2024 22:25,6.0
Оплата СБП QR (Сервисы Яндекса),27.11.2024 22:44,-64.0
Оплата СБП QR (Сервисы Яндекса),27.11.2024 22:44,-6.0
PRACHECHNAYA,26.11.2024 18:32,-340.0
A.YU.,28.11.2024 08:07,-52.0
CEKH85,27.11.2024 12:20,-69.0
OBEDOV,28.11.2024 12:30,-147.0
клиента,30.11.2024 09:58,500.0
клиента,30.11.2024 11:34,500.0
Метрополь_P_QR),30.11.2024 11:38,-459.0
ЦЕХ85_P_QR),30.11.2024 11:41,-539.0
клиента,30.11.2024 11:42,180.0
ЦЕХ85_P_QR),30.11.2024 11:42,-179.0
PYATEROCHKA 7050,28.11.2024 20:49,-178.48
клиента,30.11.2024 15:51,1500.0
Оплата СБП QR (DOSTAEVSKY),30.11.2024 15:52,-1467.0
OBEDOV,29.11.2024 13:13,-117.0
клиента,01.12.2024 12:00,200.0
Оплата СБП QR (Сервисы Яндекса),01.12.2024 12:13,-216.0
клиента,01.12.2024 22:49,847.0
Оплата СБП QR (Сервисы Яндекса),01.12.2024 22:49,-669.1
Оплата СБП QR (Сервисы Яндекса),01.12.2024 22:49,-0.9
Y.M*yacharity,01.12.2024 12:13,-4.0
клиента,02.12.2024 19:54,800.0
Сбербанк,03.12.2024 06:01,-230.0
клиента,03.12.2024 06:01,300.0
ЦЕХ85_P_QR),04.12.2024 11:29,-198.0
A.YU.,03.12.2024 17:28,-108.0
клиента,04.12.2024 14:47,1000.0
Оплата Сбер QR (Playpool_P_QR),04.12.2024 14:48,-650.0
клиента,04.12.2024 15:47,1000.0
OBEDOV,03.12.2024 13:08,-117.0
Оплата Сбер QR (Cinnabon_P_QR),04.12.2024 17:27,-650.0
клиента,05.12.2024 07:58,1000.0
Сбербанк,05.12.2024 07:59,-1000.0
клиента,05.12.2024 13:07,100.0
Обедов_P_QR),05.12.2024 13:07,-117.0
TRUTNEVA VIKTORIYA,04.12.2024 15:47,-1127.0
клиента,05.12.2024 15:58,700.0
ЕРМОЛИНО_P_QR),05.12.2024 15:58,-237.29
Сбербанк,06.12.2024 07:55,22500.0
клиента,06.12.2024 07:55,-23000.0
ERMOLINO,04.12.2024 12:29,-180.53
клиента,06.12.2024 20:55,2500.0
Оплата СБП QR (Сервисы Яндекса),06.12.2024 20:55,-2252.0
Оплата СБП QR (Сервисы Яндекса),06.12.2024 20:55,-8.0
клиента,07.12.2024 19:27,3000.0
ChatGPT),07.12.2024 19:28,-3000.0
Сбербанк,07.12.2024 20:30,370.0
клиента,07.12.2024 22:46,2000.0
Оплата Сбер QR (OKEY_P_QR),07.12.2024 22:46,-1846.93
Сбербанк,08.12.2024 11:41,-200.0
клиента,09.12.2024 13:19,16500.0
бытовая техника (Сев),09.12.2024 13:20,-16198.0
Лесная_P_QR),09.12.2024 13:42,-287.0
клиента,09.12.2024 17:47,500.0
Черниговская В.В.)),09.12.2024 18:25,-959.0
клиента,10.12.2024 08:55,300.0
Сбербанк,10.12.2024 08:56,-300.0
клиента,10.12.2024 19:47,1000.0
Оплата СБП QR (Сервисы Яндекса),10.12.2024 19:47,-1031.7
Оплата СБП QR (Сервисы Яндекса),10.12.2024 19:47,-8.3
Оплата СБП QR (Сервисы Яндекса),10.12.2024 20:11,-1.73
клиента,11.12.2024 23:25,2000.0
SAINT-TET_P_QR),11.12.2024 23:25,-1887.82
клиента,12.12.2024 01:38,1000.0
клиента,12.12.2024 14:52,1700.0
Банк,12.12.2024 14:54,2000.0
Сбербанк,13.12.2024 13:09,-600.0
Y.M*N859142,12.12.2024 01:39,-1100.0
Оплата товаров и услуг SPBPU,12.12.2024 14:53,-1600.0
Сбербанк,13.12.2024 18:22,42838.93
клиента,13.12.2024 18:22,-42000.0
клиента,13.12.2024 20:22,1300.0
Озон Банк (Ozon),13.12.2024 20:23,-1960.0
клиента,13.12.2024 20:57,1000.0
Оплата СБП QR (Сервисы Яндекса),13.12.2024 20:58,-597.0
Оплата СБП QR (Сервисы Яндекса),13.12.2024 20:58,-3.0
Сбербанк,13.12.2024 22:20,7000.0
клиента,14.12.2024 09:17,128963.22
ВТБ,14.12.2024 09:18,-135000.0
ЕРМОЛИНО_P_QR),14.12.2024 11:14,-951.41
TUCHKOV_P_QR),14.12.2024 11:26,-344.97
ВТБ,14.12.2024 12:07,3000.0
цветы_P_QR),14.12.2024 12:08,-1558.0
Оплата товаров и услуг Rostics,12.12.2024 22:39,-1532.0
ВТБ,16.12.2024 16:17,2000.0
PIROGOVYY DVORIK,16.12.2024 19:09,-91.0
SBER*5411*SAMOKAT,14.12.2024 22:13,-858.0
ВТБ,17.12.2024 18:57,500.0
Сбербанк,18.12.2024 10:54,-100.0
CEKH85,16.12.2024 16:17,-2047.0
OBEDOV,17.12.2024 13:24,-117.0
FRUKTY,17.12.2024 08:35,-253.0
Оплата товаров и услуг KHLEBNIK,17.12.2024 18:58,-326.0
ВТБ,18.12.2024 17:44,3500.0
ВТБ,18.12.2024 22:05,1000.0
Банк,18.12.2024 22:06,-500.0
SP 4 ET.2,18.12.2024 17:50,-1100.0
SP 4 ET.2,18.12.2024 18:06,-2500.0
KITCHEN_2,18.12.2024 11:24,-237.0
Озон Банк (Ozon),19.12.2024 20:50,1470.0
ВТБ,20.12.2024 00:27,1500.0
ВТБ,20.12.2024 08:13,500.0
"РИТЭЙЛ"")",20.12.2024 11:55,-80.0
OBEDOV,19.12.2024 13:24,-207.0
PYATEROCHKA 91,18.12.2024 22:07,-59.99
ВТБ,20.12.2024 19:04,500.0
ВТБ,21.12.2024 12:09,1000.0
Оплата товаров и услуг BEELINE,19.12.2024 07:14,-100.0
VKUSVILL_4528_8154,19.12.2024 21:15,-448.74
KITCHEN_2,20.12.2024 08:18,-296.0
ВТБ,21.12.2024 19:02,1500.0
Сбербанк,22.12.2024 14:46,1500.0
ВТБ,22.12.2024 14:47,1000.0
Озон Банк (Ozon),22.12.2024 14:48,-2309.0
Оплата товаров и услуг OKEY,20.12.2024 19:04,-454.45
OBEDOV,20.12.2024 14:53,-63.0
PYATEROCHKA 7050,21.12.2024 12:23,-536.25
ERMOLINO,21.12.2024 19:03,-950.0
ВТБ,23.12.2024 09:07,500.0
ВТБ,23.12.2024 09:46,1500.0
ВТБ,23.12.2024 13:42,1000.0
BULOCHNAYA 12,21.12.2024 12:14,-501.0
MM TUCHKOV,21.12.2024 19:18,-298.19
PIROGOVYY DVORIK,23.12.2024 13:46,-953.0
ВТБ,24.12.2024 13:18,1000.0
SBER*5912*EAPTEKA,20.12.2024 00:28,-2667.0
KITCHEN_2,23.12.2024 19:59,-316.0
1170,23.12.2024 09:51,-1305.0
Оплата товаров и услуг BEELINE,23.12.2024 09:07,-635.0
ВТБ,25.12.2024 14:36,1000.0
CEKH85,23.12.2024 13:37,-325.0
OBEDOV,24.12.2024 13:18,-117.0
Оплата товаров и услуг KHLEBNIK,24.12.2024 18:13,-136.0
Сбербанк,25.12.2024 18:07,9700.0
ВТБ,25.12.2024 18:08,-7000.0
Сбербанк,25.12.2024 22:25,-2800.0
PLUS,26.12.2024 03:29,-380.0
ВТБ,26.12.2024 15:45,3000.0
Банк,26.12.2024 15:46,2000.0
Оплата Сбер QR (ЯРУМЭН_P_QR),26.12.2024 15:57,-2000.0
PYATEROCHKA 7050,24.12.2024 18:07,-495.71
Сбербанк,26.12.2024 19:21,10000.0
OBEDOV,25.12.2024 12:22,-162.0
Сбербанк,27.12.2024 12:51,1986.04
ВТБ,27.12.2024 12:52,-2000.0
Y.M*N859142,26.12.2024 15:47,-1100.0
ВТБ,27.12.2024 14:35,1000.0
KING 0292,25.12.2024 14:37,-359.98
YM*firstbyte rus,26.12.2024 20:37,-700.0
YANDEX.TAXI,27.12.2024 20:18,-1.0
Y.M*yacharity,27.12.2024 20:34,-9.0
CEKH85,26.12.2024 13:46,-278.0
Оплата товаров и услуг OKEY,26.12.2024 19:21,-10077.26
CEKH85,27.12.2024 14:37,-1596.0
MAGBURGER O54,01.01.2025 15:12,-325.0
Оплата товаров и услуг ERMOLINO,31.12.2024 11:34,-510.25
ВТБ,01.01.2025 16:51,500.0
ВТБ,02.01.2025 10:04,1000.0
ВТБ,02.01.2025 15:53,4000.0
ВТБ,02.01.2025 15:55,500.0
ВТБ,02.01.2025 18:27,500.0
Оплата товаров и услуг ALLIGATOR,02.01.2025 11:00,-540.0
ВТБ,03.01.2025 20:03,500.0
ВТБ,03.01.2025 23:26,3000.0
PLUS,03.01.2025 23:27,-2990.0
PYATEROCHKA 6982,02.01.2025 09:44,-109.98
KORENOVSK,02.01.2025 15:55,-5069.0
MM SAMORODOK,02.01.2025 18:28,-389.98
ВТБ,04.01.2025 20:37,800.0
ВТБ,04.01.2025 20:57,1000.0
Оплата СБП QR (Сервисы Яндекса),04.01.2025 21:09,-1431.0
MM SINDIKAT,03.01.2025 21:15,-259.98
PYATEROCHKA 10276,03.01.2025 20:04,-236.95
Оплата СБП QR (Сервисы Яндекса),06.01.2025 09:12,-5.3
Оплата СБП QR (Сервисы Яндекса),06.01.2025 09:12,-7.7
YM*YACHARITY,04.01.2025 22:11,-9.0
PROEZDA SOCHINS,05.01.2025 07:42,-248.0
ВТБ,06.01.2025 18:21,1000.0
ВТБ,06.01.2025 19:06,2000.0
Оплата СБП QR (Сервисы Яндекса),06.01.2025 19:13,-354.0
ВТБ,06.01.2025 19:49,1500.0
ВТБ,06.01.2025 22:47,1000.0
pytok sredneve,06.01.2025 18:21,-900.0
Y.M*yacharity,06.01.2025 19:27,-6.0
Yabloko,06.01.2025 22:47,-1293.3
ВТБ,07.01.2025 16:09,2000.0
Оплата СБП QR (Сервисы Яндекса),07.01.2025 16:10,-1722.0
Оплата СБП QR (Сервисы Яндекса),07.01.2025 16:10,-8.0
Оплата СБП QR (Сервисы Яндекса),08.01.2025 10:36,-123.0
Оплата СБП QR (Сервисы Яндекса),08.01.2025 10:37,-7.0
Оплата товаров и услуг BOMUjp,06.01.2025 21:35,-2920.0
PLUS,08.01.2025 14:59,-279.0
ВТБ,09.01.2025 16:35,500.0
ВТБ,09.01.2025 18:04,1500.0
ВТБ,09.01.2025 18:05,600.0
PRACHECHNAYA,09.01.2025 16:38,-380.0
KITCHEN_2,09.01.2025 16:03,-79.0
ВТБ,10.01.2025 17:43,4000.0
Сбербанк,10.01.2025 21:24,375.0
PYATEROCHKA 7050,09.01.2025 18:05,-2093.12
PRACHECHNAYA,10.01.2025 18:19,-30.0
ВТБ,11.01.2025 15:37,1000.0
ВТБ,11.01.2025 19:35,1500.0
эксп.дост.),11.01.2025 19:46,-1223.9
Оплата товаров и услуг SPBPU,11.01.2025 15:38,-1662.82
BEFREE EVROPOLIS,10.01.2025 17:43,-3198.0
CEKH85,10.01.2025 14:33,-139.0
Оплата СБП QR (Сервисы Яндекса),13.01.2025 13:28,-76.0
Оплата СБП QR (Сервисы Яндекса),13.01.2025 14:04,-130.0
ВТБ,13.01.2025 16:54,500.0
ВТБ,13.01.2025 17:43,500.0
ВТБ,13.01.2025 18:54,700.0
Оплата СБП QR (Сервисы Яндекса),13.01.2025 18:55,-22.0
Яндекса),13.01.2025 18:55,22.0
Оплата СБП QR (Сервисы Яндекса),13.01.2025 19:06,-247.0
Оплата СБП QR (Сервисы Яндекса),13.01.2025 19:36,-3.0
ВТБ,13.01.2025 21:56,3000.0
ВТБ,13.01.2025 21:57,2000.0
ВТБ,13.01.2025 22:02,-1000.0
PURI,13.01.2025 21:59,-3810.0
Y.M*yacharity,13.01.2025 13:38,-4.0
SPBPU,13.01.2025 13:15,-80.0
KITCHEN_1,13.01.2025 17:20,-237.0
ВТБ,15.01.2025 14:40,4000.0
Сбербанк,15.01.2025 14:46,-2843.0
PYATEROCHKA 7050,13.01.2025 17:45,-881.64
Оплата товаров и услуг KHLEBNIK,13.01.2025 17:31,-136.0
ВТБ,15.01.2025 17:22,1500.0
ВТБ,15.01.2025 18:32,500.0
Озон Банк (Ozon),15.01.2025 18:33,-774.0
Оплата товаров и услуг SPB.KASSIR,15.01.2025 15:27,-1000.0
ВТБ,16.01.2025 13:49,2000.0
ВТБ,16.01.2025 15:27,5000.0
Банк,17.01.2025 12:53,-50.0
CVETY,15.01.2025 17:23,-2085.0
Оплата товаров и услуг METRO,16.01.2025 13:41,-81.0
ВТБ,17.01.2025 16:22,600.0
ВТБ,17.01.2025 16:23,500.0
ВТБ,17.01.2025 16:57,500.0
эксп.дост.),17.01.2025 17:42,-658.35
AO TRETI,17.01.2025 00:09,-75.0
ERMOLINO,16.01.2025 13:49,-1822.85
Оплата товаров и услуг OKEY,16.01.2025 15:27,-4909.98
COFFEE,17.01.2025 16:23,-870.0
+79516708737,19.01.2025 20:23,-100.0
ВТБ,20.01.2025 14:57,1000.0
+79094621748,20.01.2025 20:11,-700.0
ВТБ,20.01.2025 20:36,2000.0
ВТБ,21.01.2025 13:56,2500.0
SPBPU,20.01.2025 14:54,-10.0
SPBPU,20.01.2025 14:57,-448.0
KITCHEN_2,20.01.2025 20:36,-178.0
Оплата СБП QR (Сервисы Яндекса),21.01.2025 16:59,-1.0
Оплата СБП QR (Сервисы Яндекса),21.01.2025 17:00,-9.0
Оплата СБП QR (Сервисы Яндекса),21.01.2025 19:00,-224.0
Оплата СБП QR (Сервисы Яндекса),21.01.2025 19:00,-6.0
эксп.дост.),22.01.2025 13:05,-770.32
Agroservice,21.01.2025 11:35,-125.0
Agroservice,21.01.2025 11:37,-110.0
ВТБ,22.01.2025 13:40,1000.0
эксп.дост.),22.01.2025 13:55,-554.95
KING 0292,20.01.2025 21:08,-1209.9
Банк,22.01.2025 18:15,880.0
эксп.дост.),22.01.2025 18:37,-872.65
Агрегатор эксп.дост.),23.01.2025 14:07,770.32
CEKH85,21.01.2025 13:56,-1633.0
ВТБ,23.01.2025 21:11,1000.0
ВТБ,23.01.2025 21:45,1000.0
KITCHEN_2,23.01.2025 21:48,-178.0
ВТБ,25.01.2025 00:51,2500.0
Оплата СБП QR (Сервисы Яндекса),25.01.2025 01:23,-61.0
Оплата СБП QR (Сервисы Яндекса),25.01.2025 01:24,-9.0
PUSHKINSKAYA N 1091,23.01.2025 21:11,-1501.0
ZDOROV.RU,23.01.2025 21:45,-1185.0
VKUSNO,23.01.2025 21:57,-205.0
PYATEROCHKA 7050,23.01.2025 22:06,-325.16
"SELO, AO SZPPK",23.01.2025 20:13,-55.0
ВТБ,25.01.2025 16:05,1000.0
эксп.дост.),25.01.2025 16:09,-942.43
ВТБ,25.01.2025 22:27,3500.0
Angus,25.01.2025 00:51,-2290.0
Гуля,26.01.2025 18:42,-10.0
ВТБ,27.01.2025 12:36,1000.0
Оплата товаров и услуг OKEY,25.01.2025 22:28,-3002.62
ВТБ,27.01.2025 21:08,500.0
Оплата товаров и услуг KHLEBNIK_2,27.01.2025 12:36,-733.0
A.H.,27.01.2025 18:54,-90.0
A.H.,27.01.2025 19:17,-190.0
ВТБ,29.01.2025 10:18,1000.0
Оплата СБП QR (kassir.ru (SPB)),29.01.2025 10:19,-700.0
78864D,27.01.2025 19:44,-179.98
KING 0735,27.01.2025 21:09,-470.98
78703D,27.01.2025 12:46,-419.79
ВТБ,29.01.2025 16:54,2300.0
Оплата СБП QR (Сервисы Яндекса),29.01.2025 22:26,-30.0
карты (W1_BEELINE),30.01.2025 12:00,158.82
Оплата СБП QR (memopix),30.01.2025 13:33,-200.0
ВТБ,30.01.2025 14:36,1500.0
ВТБ,31.01.2025 11:22,500.0
PEKAREN TRDELNIK,30.01.2025 14:37,-978.0
ВТБ,31.01.2025 14:20,1000.0
Оплата СБП QR (Сервисы Яндекса),31.01.2025 14:21,-1086.0
Оплата СБП QR (Сервисы Яндекса),31.01.2025 14:21,-4.0
SPETERBURG-6,29.01.2025 16:58,-2368.0
ВТБ,01.02.2025 13:12,500.0
Оплата СБП QR (Wildberries),01.02.2025 14:12,-297.0
PYATEROCHKA 7050,30.01.2025 16:18,-441.12
ВТБ,02.02.2025 02:53,1000.0
Оплата СБП QR (Сервисы Яндекса),02.02.2025 02:58,-789.0
Оплата СБП QR (Сервисы Яндекса),02.02.2025 02:58,-1.0
BULOCHNAYA 113,31.01.2025 11:22,-532.0
PYATEROCHKA 7050,31.01.2025 12:06,-192.99
ВТБ,02.02.2025 18:13,500.0
ВТБ,02.02.2025 18:27,1500.0
Сбербанк,02.02.2025 18:27,1407.65
ВТБ,02.02.2025 21:00,4100.0
ВТБ,02.02.2025 21:03,1500.0
Оплата товаров и услуг SPBPU,02.02.2025 18:30,-1705.0
PRACHECHNAYA,02.02.2025 18:13,-760.0
ВТБ,04.02.2025 11:42,1000.0
PEREKRESTOK KUSHELEVKA,02.02.2025 21:03,-6302.86
ВТБ,04.02.2025 18:32,500.0
PIROGOVYY DVORIK,04.02.2025 11:42,-603.0
KITCHEN_1,04.02.2025 18:32,-1143.0
ВТБ,05.02.2025 15:41,500.0
Озон Банк (Ozon),05.02.2025 15:44,-679.0
ВТБ,05.02.2025 17:38,1000.0
Оплата СБП QR (Сервисы Яндекса),05.02.2025 17:38,-924.0
Оплата СБП QR (Сервисы Яндекса),05.02.2025 17:38,-6.0
Оплата СБП QR (Сервисы Яндекса),05.02.2025 17:43,-5.0
ВТБ,06.02.2025 10:58,1000.0
ВТБ,07.02.2025 17:11,2000.0
ВТБ,08.02.2025 14:23,3000.0
ChatGPT),08.02.2025 14:24,-3000.0
Оплата СБП QR (Сервисы Яндекса),08.02.2025 14:41,-1958.0
Оплата товаров и услуг KHLEBNIK,06.02.2025 10:59,-1165.5
Оплата товаров и услуг KHLEBNIK_2,07.02.2025 10:30,-136.0
ВТБ,08.02.2025 22:47,1875.0
Оплата СБП QR (Сервисы Яндекса),08.02.2025 22:48,-1026.0
Оплата СБП QR (Сервисы Яндекса),08.02.2025 22:48,-4.0
ВТБ,09.02.2025 09:29,2500.0
RETAIL,07.02.2025 16:40,-80.0
ВТБ,10.02.2025 05:02,500.0
эксп.дост.),10.02.2025 05:07,-847.23
ВТБ,10.02.2025 11:01,500.0
Сбербанк,10.02.2025 16:46,375.0
YANDEX*5815*PLUS,10.02.2025 12:04,-200.0
ВТБ,12.02.2025 12:42,2000.0
ВТБ,12.02.2025 12:43,1000.0
+79516708737,12.02.2025 16:05,-250.0
Озон Банк (Ozon),12.02.2025 17:45,-335.0
ВТБ,12.02.2025 21:05,850.0
ВТБ,12.02.2025 21:05,2000.0
ВТБ,12.02.2025 21:07,1000.0
TERRANOVA,12.02.2025 21:08,-3997.0
ВТБ,13.02.2025 17:53,4480.0
Банк,13.02.2025 20:00,2500.0
эксп.дост.),13.02.2025 20:04,-767.75
Оплата СБП QR (Сервисы Яндекса),13.02.2025 21:29,-480.0
ВТБ,13.02.2025 21:45,4000.0
Сбербанк,13.02.2025 21:47,-3900.0
ВТБ,14.02.2025 00:22,1000.0
Оплата СБП QR (Сервисы Яндекса),14.02.2025 00:28,-1386.0
Оплата СБП QR (Сервисы Яндекса),14.02.2025 01:10,-4.0
YARUMEN,13.02.2025 20:01,-1580.0
Оплата товаров и услуг Idolcut,13.02.2025 17:53,-4480.0
METROPOL,12.02.2025 12:44,-1690.0
METROPOL,12.02.2025 13:56,-95.0
Оплата товаров и услуг Flawery.ru,09.02.2025 09:29,-2870.0
ВТБ,15.02.2025 15:39,500.0
ВТБ,15.02.2025 17:49,1000.0
эксп.дост.),15.02.2025 17:58,-1049.93
OREKHOVYJ DVORIK,10.02.2025 11:01,-390.08
Оплата СБП QR (Сервисы Яндекса),16.02.2025 19:11,-1.0
Оплата СБП QR (Сервисы Яндекса),16.02.2025 19:25,-9.0
ВТБ,16.02.2025 21:06,4000.0
ВТБ,16.02.2025 21:13,1000.0
ВТБ,16.02.2025 21:14,2000.0
Оплата СБП QR (Сервисы Яндекса),16.02.2025 21:26,-2175.0
Оплата СБП QR (Сервисы Яндекса),16.02.2025 21:40,-5.0
ВТБ,17.02.2025 12:18,500.0
Оплата товаров и услуг HYGGE,15.02.2025 15:39,-370.0
ВТБ,18.02.2025 15:53,1000.0
Оплата товаров и услуг MAGADAN,16.02.2025 21:13,-4530.0
Банк,18.02.2025 22:32,-1366.71
KEBAB,17.02.2025 12:19,-324.0
Оплата товаров и услуг EVO_KEBAB,17.02.2025 12:17,-364.0
Оплата товаров и услуг MAGAZIN.,18.02.2025 17:00,-127.0
ВТБ,20.02.2025 18:55,1000.0
ВТБ,21.02.2025 09:51,800.83
эксп.дост.),21.02.2025 09:55,-874.83
ВТБ,21.02.2025 16:02,1500.0
PRACHECHNAYA,20.02.2025 18:58,-760.0
ВТБ,22.02.2025 18:01,500.0
ВТБ,22.02.2025 18:03,500.0
ВТБ,22.02.2025 18:04,100.0
ВТБ,23.02.2025 02:52,1500.0
эксп.дост.),23.02.2025 07:21,-1140.57
ERMOLINO,21.02.2025 16:14,-1153.77
Сбербанк,23.02.2025 17:37,3000.0
KITCHEN_2,22.02.2025 18:04,-1083.0
ВТБ,23.02.2025 18:57,1000.0
ВТБ,23.02.2025 19:29,2000.0
RETAIL,22.02.2025 15:15,-75.0
OREKHOVYJ DVORIK,22.02.2025 17:24,-393.76
ВТБ,24.02.2025 18:20,2000.0
TRANSPORT PITER,23.02.2025 17:59,-75.0
Petrogradskaya N 2152,23.02.2025 19:33,-1501.0
Khinkalych,24.02.2025 18:20,-1880.0
Оплата СБП QR (Сервисы Яндекса),25.02.2025 14:59,-106.0
Оплата СБП QR (Сервисы Яндекса),25.02.2025 14:59,-4.0
Оплата товаров и услуг BOLSHOJ-9,23.02.2025 19:00,-2513.0
PEKARNI,23.02.2025 19:29,-2300.0
ВТБ,26.02.2025 20:47,500.0
ВТБ,27.02.2025 12:14,1000.0
ВТБ,28.02.2025 10:05,1500.0
эксп.дост.),28.02.2025 10:23,-1557.01
ВТБ,28.02.2025 16:14,119305.69
клиента,28.02.2025 16:14,-100000.0
клиента,28.02.2025 16:22,-19000.0
MM YUFEROVSKOE,26.02.2025 20:47,-363.94
Сбербанк,28.02.2025 18:14,7000.0
клиента,28.02.2025 18:15,-7000.0
CEKH85,27.02.2025 12:15,-802.0
клиента,01.03.2025 18:46,1500.0
клиента,02.03.2025 11:53,1500.0
RETAIL,28.02.2025 18:21,-90.0
pay,01.03.2025 13:03,-389.99
CVETY,01.03.2025 18:46,-1350.0
PEREKRESTKA_S,02.03.2025 12:56,-1556.5
клиента,07.03.2025 15:56,1000.0
Оплата СБП QR (Сервисы Яндекса),07.03.2025 15:57,-773.0
Оплата СБП QR (Сервисы Яндекса),07.03.2025 16:12,-7.0
клиента,07.03.2025 17:52,700.0
клиента,08.03.2025 12:00,600.0
клиента,08.03.2025 14:52,2800.0
ChatGPT),08.03.2025 14:53,-2800.0
KITCHEN_2,07.03.2025 17:55,-680.0
"77, Т-Банк",08.03.2025 20:13,350.0
ВТБ,08.03.2025 20:51,1750.0
RETAIL,07.03.2025 19:09,-75.0
AM,07.03.2025 18:53,-139.0
Банк,09.03.2025 22:39,-1500.0
SPETERBURG-6,08.03.2025 12:00,-847.0
клиента,10.03.2025 18:32,3300.0
Оплата СБП QR (СИТИЛИНК),10.03.2025 18:34,-3790.0
клиента,10.03.2025 18:38,300.0
клиента,11.03.2025 20:32,200.0
клиента,11.03.2025 21:56,1700.0
клиента,11.03.2025 22:53,1000.0
PLUS,12.03.2025 12:04,-200.0
клиента,12.03.2025 15:39,1300.0
эксп.дост.),12.03.2025 15:44,-1435.52
RETAIL,11.03.2025 20:34,-75.0
RETAIL,11.03.2025 20:36,-95.0
Оплата товаров и услуг SPBPU,11.03.2025 21:57,-1705.0
Сбербанк,12.03.2025 20:45,350.0
KRASNOE&BELOE,10.03.2025 18:38,-354.98
клиента,13.03.2025 13:41,210.0
клиента,13.03.2025 13:42,260.0
PYATEROCHKA 7050,11.03.2025 22:54,-712.64
Agroservice,13.03.2025 13:42,-210.0
Agroservice,13.03.2025 13:43,-260.0
Сбербанк,14.03.2025 16:09,47670.75
клиента,14.03.2025 16:10,-47000.0
Сбербанк,14.03.2025 16:43,10000.0
клиента,14.03.2025 16:43,10000.0
клиента,14.03.2025 16:44,-20000.0
Сбербанк,15.03.2025 00:59,3580.0
Оплата СБП QR (Сервисы Яндекса),15.03.2025 01:14,-1.0
клиента,15.03.2025 04:14,5000.0
клиента,15.03.2025 04:14,5000.0
Сбербанк,15.03.2025 07:50,-3600.0
клиента,15.03.2025 07:50,-5000.0
PRACHECHNAYA,13.03.2025 09:37,-380.0
Оплата СБП QR (Сервисы Яндекса),15.03.2025 18:55,-463.0
Оплата СБП QR (Сервисы Яндекса),15.03.2025 18:55,-7.0
Y.M*yacharity,15.03.2025 01:32,-9.0
PEREKRESTOK KIROVS ZAV,14.03.2025 16:40,-149.99
PIZZA,14.03.2025 16:35,-469.0
restaurant SCHASTY,15.03.2025 00:59,-3580.0
Сбербанк,17.03.2025 12:08,-468.0
RETAIL,15.03.2025 13:32,-165.0
RETAIL,15.03.2025 13:34,-75.0
RETAIL,15.03.2025 13:48,-105.0
клиента,17.03.2025 18:00,1500.0
эксп.дост.),17.03.2025 18:36,-1116.01
клиента,18.03.2025 14:49,500.0
клиента,18.03.2025 14:52,200.0
клиента,19.03.2025 13:54,1000.0
клиента,19.03.2025 13:55,200.0
эксп.дост.),19.03.2025 14:16,-1077.52
PEREKRESTOK KIROVS ZAV,18.03.2025 14:50,-684.18
Оплата товаров и услуг KHLEBNIK,18.03.2025 14:54,-202.0
клиента,21.03.2025 09:30,700.0
клиента,21.03.2025 16:40,500.0
клиента,21.03.2025 16:45,500.0
эксп.дост.),21.03.2025 16:48,-737.98
клиента,22.03.2025 09:02,200.0
A.YU.,21.03.2025 16:40,-93.0
Оплата товаров и услуг REG.RU,21.03.2025 10:13,-121.0
YM*firstbyte rus,21.03.2025 11:32,-700.0
клиента,23.03.2025 14:33,2900.0
клиента,23.03.2025 22:40,1600.0
клиента,24.03.2025 11:41,1200.0
BARANOV D.V.,22.03.2025 09:02,-233.0
FITNESS_HOUSE,23.03.2025 14:36,-2090.0
клиента,24.03.2025 18:03,1700.0
Оплата СБП QR (Сервисы Яндекса),24.03.2025 18:03,-1762.6
Оплата СБП QR (Сервисы Яндекса),24.03.2025 18:03,-7.4
клиента,25.03.2025 12:27,2000.0
Сбербанк,25.03.2025 12:37,2716.0
Оплата товаров и услуг BUSHE,23.03.2025 20:44,-500.0
Оплата товаров и услуг OKEY,23.03.2025 22:40,-1626.0
клиента,25.03.2025 22:44,3500.0
клиента,26.03.2025 02:23,500.0
Оплата СБП QR (Сервисы Яндекса),26.03.2025 02:23,-197.0
Оплата СБП QR (Сервисы Яндекса),26.03.2025 02:43,-3.0
Оплата СБП QR (Сервисы Яндекса),26.03.2025 02:43,-119.0
1170,24.03.2025 11:51,-1501.0
KRASNOE&BELOE,17.03.2025 18:05,-289.78
клиента,27.03.2025 11:46,1000.0
PEREKRESTOK KIROVS ZAV,25.03.2025 12:35,-149.99
VITADZHUS,25.03.2025 21:46,-815.0
PIZZA,25.03.2025 12:28,-1663.0
Оплата товаров и услуг RCP,25.03.2025 22:44,-5600.0
Agroservis,27.03.2025 11:46,-625.0
Сбербанк,28.03.2025 21:15,11174.31
+79516708737,28.03.2025 21:48,-350.0
клиента,29.03.2025 08:56,-11000.0
BARANOV D.V.,29.03.2025 09:31,-135.0
RETAIL,29.03.2025 13:59,-105.0
клиента,31.03.2025 11:57,1000.0
Оплата СБП QR (Бери Заряд_SBP),31.03.2025 11:57,-300.0
клиента,31.03.2025 12:02,1000.0
Возврат средств СБП QR (),31.03.2025 18:14,50.0
клиента,31.03.2025 18:22,1400.0
клиента,31.03.2025 18:23,200.0
клиента,31.03.2025 19:19,300.0
клиента,01.04.2025 15:23,100.0
клиента,02.04.2025 08:15,2000.0
Сбербанк,02.04.2025 08:29,1750.0
клиента,02.04.2025 08:31,-2000.0
клиента,02.04.2025 12:51,2000.0
METROPOL,31.03.2025 18:23,-2143.0
PRACHECHNAYA,31.03.2025 19:19,-380.0
CEKH85,31.03.2025 12:03,-1273.0
клиента,02.04.2025 23:37,800.0
эксп.дост.),02.04.2025 23:55,-1307.39
клиента,03.04.2025 12:20,1200.0
Оплата товаров и услуг SPBPU,02.04.2025 08:17,-1705.0
AM,01.04.2025 15:23,-129.0
VENDING,02.04.2025 11:05,-80.0
Оплата товаров и услуг KHLEBNIK,02.04.2025 12:51,-1278.0
Оплата товаров и услуг EVO_KEBAB,03.04.2025 12:20,-792.0
клиента,05.04.2025 16:12,1800.0
Оплата СБП QR (Сервисы Яндекса),05.04.2025 16:16,-1785.0
Оплата СБП QR (Сервисы Яндекса),05.04.2025 16:16,-5.0
PEREKRESTOK KIROVS ZAV,04.04.2025 16:30,-149.99
клиента,05.04.2025 21:36,1800.0
Оплата СБП QR (Сервисы Яндекса),05.04.2025 21:37,-1768.0
Оплата СБП QR (Сервисы Яндекса),05.04.2025 21:38,-2.0
Оплата товаров и услуг KHLEBNIK,04.04.2025 16:34,-397.0
клиента,07.04.2025 11:58,500.0
Оплата СБП QR (Сервисы Яндекса),07.04.2025 11:58,-347.0
Оплата СБП QR (Сервисы Яндекса),07.04.2025 12:06,-3.0
Сбербанк,07.04.2025 16:47,650.0
Сбербанк,07.04.2025 16:48,-71.0
клиента,07.04.2025 17:26,400.0
клиента,07.04.2025 18:22,1100.0
Оплата СБП QR (Сервисы Яндекса),08.04.2025 12:06,-60.0
клиента,08.04.2025 15:23,2600.0
Оплата СБП QR (Neiroschool),08.04.2025 15:24,-2600.0
RETAIL,08.04.2025 18:44,-105.0
ERMOLINO,07.04.2025 18:22,-1108.59
LYUBYAT,07.04.2025 17:27,-1076.0
Сбербанк,10.04.2025 12:39,260.0
Сбербанк,10.04.2025 12:48,260.0
клиента,10.04.2025 13:52,300.0
Сбербанк,10.04.2025 13:54,1820.0
"77, Т-Банк",10.04.2025 14:16,260.0
клиента,11.04.2025 09:58,-2000.0
PLUS,11.04.2025 12:31,-1.0
Agroservis,10.04.2025 13:52,-780.0
Сбербанк,11.04.2025 22:37,1200.0
клиента,12.04.2025 19:17,900.0
клиента,12.04.2025 19:18,200.0
эксп.дост.),12.04.2025 19:45,-1501.87
BARANOV D.V.,11.04.2025 14:41,-74.0
PEREKRESTOK KIROVS ZAV,12.04.2025 08:35,-329.97
клиента,13.04.2025 18:15,2500.0
Оплата СБП QR (DOSTAEVSKY),13.04.2025 18:16,-2665.0
Сбербанк,14.04.2025 15:31,49355.04
клиента,14.04.2025 15:31,-49000.0
Оплата товаров и услуг KHLEBNIK,12.04.2025 08:40,-289.0
Сбербанк,15.04.2025 09:45,2000.0
клиента,15.04.2025 09:46,-2000.0
клиента,15.04.2025 13:37,1500.0
Сбербанк,15.04.2025 15:24,10600.0
клиента,15.04.2025 15:24,-11000.0
клиента,16.04.2025 09:35,2000.0
Оплата СБП QR (Aliexpress),16.04.2025 09:36,-1816.0
клиента,16.04.2025 10:50,1128.14
Оплата СБП QR (Сервисы Яндекса),16.04.2025 10:50,-1509.0
клиента,16.04.2025 10:50,3.0
Оплата СБП QR (Сервисы Яндекса),16.04.2025 10:50,-3.0
PEREKRESTOK KIROVS ZAV,15.04.2025 13:31,-119.99
клиента,17.04.2025 09:44,350.0
Оплата СБП QR (t2_SBP),17.04.2025 09:44,-350.0
клиента,17.04.2025 10:09,380.0
клиента,17.04.2025 11:21,675.0
клиента,17.04.2025 11:45,90.0
Оплата товаров и услуг KHLEBNIK,15.04.2025 13:37,-1246.0
клиента,17.04.2025 16:43,375.77
Agroservis,17.04.2025 11:45,-90.0
SPBPU,17.04.2025 11:21,-675.0
клиента,18.04.2025 22:34,2194.0
Оплата СБП QR (Сервисы Яндекса),18.04.2025 22:34,-2194.0
клиента,18.04.2025 22:34,6.0
Оплата СБП QR (Сервисы Яндекса),18.04.2025 22:34,-6.0
клиента,18.04.2025 23:48,96.03
Оплата СБП QR (Сервисы Яндекса),18.04.2025 23:48,-96.03
Сбербанк,19.04.2025 12:37,300.0
PRACHECHNAYA,17.04.2025 10:09,-380.0
KRASNOE&BELOE,17.04.2025 16:43,-375.77
клиента,19.04.2025 21:52,1127.0
клиента,19.04.2025 21:52,2375.0
клиента,21.04.2025 14:14,605.0
SHAROVA,19.04.2025 21:52,-2375.0
Оплата товаров и услуг KHLEBNIK,19.04.2025 13:00,-287.0
Оплата товаров и услуг MAKKOLI.__,19.04.2025 21:52,-1140.0
клиента,22.04.2025 03:09,1590.0
клиента,22.04.2025 12:31,111.0
клиента,22.04.2025 15:31,250.0
Agroservis,21.04.2025 14:14,-605.0
клиента,22.04.2025 18:34,631.0
FITNESS_HOUSE,22.04.2025 03:09,-1590.0
клиента,23.04.2025 14:30,147.0
OBEDOV,22.04.2025 12:31,-111.0
клиента,23.04.2025 17:10,1501.0
клиента,23.04.2025 17:59,657.0
клиента,23.04.2025 22:47,82.26
клиента,23.04.2025 23:28,3210.0
клиента,24.04.2025 13:48,410.0
OBEDOV,23.04.2025 14:30,-147.0
клиента,24.04.2025 15:43,700.0
32,22.04.2025 15:31,-250.0
LYUBYAT,22.04.2025 18:34,-631.0
ZAVOD N 1065,23.04.2025 17:10,-1501.0
Agroservis,24.04.2025 13:48,-410.0
клиента,25.04.2025 14:02,214.98
Y.M*N859142,24.04.2025 15:43,-700.0
Оплата товаров и услуг KHLEBNIK,23.04.2025 17:59,-657.0
PYATEROCHKA 91,23.04.2025 22:47,-82.26
CVETY,23.04.2025 23:28,-3210.0
Сбербанк,25.04.2025 21:40,4516.0
клиента,25.04.2025 21:47,-1800.0
клиента,26.04.2025 11:47,471.26
эксп.дост.),26.04.2025 11:47,-567.26
клиента,26.04.2025 13:42,760.0
Оплата СБП QR (Сервисы Яндекса),26.04.2025 13:42,-760.0
клиента,26.04.2025 16:22,360.0
клиента,26.04.2025 16:47,940.0
клиента,27.04.2025 15:08,2.0
клиента,27.04.2025 15:08,2.0
SPETERBURG-6,25.04.2025 21:43,-2620.0
клиента,27.04.2025 15:21,189.0
KRASNOE&BELOE,25.04.2025 14:02,-214.98
клиента,27.04.2025 18:06,380.0
клиента,27.04.2025 18:59,700.0
клиента,27.04.2025 21:34,2700.0
клиента,28.04.2025 12:41,700.0
клиента,28.04.2025 12:54,629.0
Y.M*N859142,27.04.2025 18:59,-700.0
Оплата товаров и услуг VODOMAT,27.04.2025 15:08,-2.0
Оплата товаров и услуг VODOMAT,27.04.2025 15:08,-2.0
Оплата товаров и услуг EGURTI,26.04.2025 16:22,-360.0
"K.V,",26.04.2025 16:47,-940.0
клиента,28.04.2025 18:48,16500.0
900 332-42-60,28.04.2025 18:49,-16500.0
клиента,28.04.2025 20:40,341.0
Оплата СБП QR (Сервисы Яндекса),28.04.2025 20:40,-341.0
клиента,28.04.2025 20:52,9.0
Оплата СБП QR (Сервисы Яндекса),28.04.2025 20:52,-9.0
клиента,29.04.2025 12:32,147.0
Y.M*N859142,28.04.2025 12:41,-700.0
Оплата товаров и услуг KHLEBNIK,27.04.2025 15:21,-189.0
PRACHECHNAYA,27.04.2025 18:06,-380.0
Оплата товаров и услуг YARUMEN,27.04.2025 21:34,-2700.0
клиента,29.04.2025 20:00,340.0
клиента,29.04.2025 20:14,109.0
Сбербанк,29.04.2025 23:38,12030.57
клиента,29.04.2025 23:39,-12000.0
клиента,30.04.2025 10:56,1538.8
эксп.дост.),30.04.2025 10:56,-1569.37
OBEDOV,29.04.2025 12:32,-147.0
CEKH85,28.04.2025 12:54,-629.0
Сбербанк,30.04.2025 17:13,10000.0
клиента,30.04.2025 20:01,-10000.0
клиента,30.04.2025 22:27,2.0
клиента,30.04.2025 22:28,2.0
клиента,30.04.2025 22:44,1516.32
клиента,30.04.2025 23:23,1705.0
Оплата товаров и услуг VODOMAT,30.04.2025 22:27,-2.0
Оплата товаров и услуг VODOMAT,30.04.2025 22:28,-2.0
Оплата товаров и услуг SPBPU,30.04.2025 23:23,-1705.0
Оплата товаров и услуг KHLEBNIK,29.04.2025 20:00,-340.0
Оплата товаров и услуг KHLEBNIK,29.04.2025 20:14,-109.0
Т-Банк,02.05.2025 00:12,4040.0
клиента,02.05.2025 00:16,4040.0
клиента,02.05.2025 00:16,4400.0
клиента,02.05.2025 00:22,-4400.0
Сбербанк,02.05.2025 00:23,-4040.0
клиента,02.05.2025 13:53,3000.0
клиента,02.05.2025 15:23,990.0
клиента,02.05.2025 17:02,950.0
PYATEROCHKA 91,30.04.2025 22:44,-1516.32
клиента,02.05.2025 19:04,449.98
клиента,02.05.2025 20:39,918.11
Сбербанк,03.05.2025 09:58,2371.0
Оплата товаров и услуг CHENCHI,02.05.2025 00:13,-4040.0
pay,02.05.2025 19:04,-449.98
pay,03.05.2025 16:00,-1149.96
PYATEROCHKA 7050,02.05.2025 20:39,-918.11
Оплата товаров и услуг RCP,02.05.2025 13:53,-3000.0
Оплата товаров и услуг KAFE,02.05.2025 15:23,-990.0
Оплата товаров и услуг KAFE,02.05.2025 17:02,-950.0
клиента,04.05.2025 22:03,500.0
Оплата СБП QR (Сервисы Яндекса),04.05.2025 22:03,-1459.0
Оплата СБП QR (Сервисы Яндекса),04.05.2025 22:03,-1.0
клиента,05.05.2025 09:54,1652.21
клиента,05.05.2025 16:15,350.96
клиента,05.05.2025 16:29,1837.06
клиента,06.05.2025 13:07,828.0
pay,05.05.2025 09:54,-1913.25
PIROGOVYY DVORIK,06.05.2025 13:07,-828.0
PYATEROCHKA 7050,05.05.2025 16:15,-350.96
MM BLANKENBURG,05.05.2025 16:29,-1837.06
клиента,08.05.2025 19:00,380.0
клиента,09.05.2025 10:29,3192.04
эксп.дост.),09.05.2025 10:29,-3192.04
клиента,09.05.2025 23:35,2520.0
клиента,10.05.2025 07:23,118.0
перевозок_13),10.05.2025 07:23,-118.0
клиента,10.05.2025 12:04,700.0
"15-01, Сбербанк",10.05.2025 12:04,-700.0
клиента,10.05.2025 14:23,150.0
клиента,10.05.2025 15:39,148.0
PRACHECHNAYA,08.05.2025 19:00,-380.0
клиента,10.05.2025 17:12,1341.53
клиента,11.05.2025 09:34,125.0
клиента,11.05.2025 12:04,200.0
PLUS,11.05.2025 12:04,-200.0
Severo-Zapadnaya p,10.05.2025 15:39,-148.0
BRIGA,09.05.2025 23:35,-2520.0
клиента,11.05.2025 16:19,119.9
KOKTEYLI,10.05.2025 14:23,-150.0
"""TRANS-BALT""",11.05.2025 09:34,-125.0
клиента,12.05.2025 15:45,220.0
клиента,12.05.2025 16:00,1607.11
Оплата товаров и услуг LENTA-0010,10.05.2025 17:12,-1341.53
47145D,11.05.2025 16:19,-119.9
клиента,14.05.2025 14:18,254.0
Озон Банк (Ozon),14.05.2025 14:19,-254.0
TOREZA,12.05.2025 15:45,-220.0
ERMOLINO,12.05.2025 16:00,-1607.11
Сбербанк,15.05.2025 02:23,52768.71
клиента,15.05.2025 02:24,-52000.0
клиента,15.05.2025 09:51,1831.29
ChatGPT),15.05.2025 09:51,-2600.0
клиента,16.05.2025 09:46,360.0
+79516708737,16.05.2025 09:46,-360.0
клиента,16.05.2025 12:54,130.0
Оплата СБП QR (Сервисы Яндекса),16.05.2025 12:54,-130.0
клиента,17.05.2025 13:06,1174.92
клиента,18.05.2025 11:49,380.0
клиента,18.05.2025 12:21,122.48
KING 0490,17.05.2025 13:06,-1174.92
PYATEROCHKA 91,18.05.2025 12:21,-122.48
Сбербанк,19.05.2025 20:06,7217.0
клиента,19.05.2025 20:08,-7000.0
клиента,19.05.2025 21:48,5214.19
клиента,20.05.2025 08:50,395.0
Озон Банк (Ozon),20.05.2025 08:50,-395.0
клиента,20.05.2025 08:52,46.0
клиента,20.05.2025 13:45,176.0
клиента,20.05.2025 19:11,1396.01
PRACHECHNAYA,18.05.2025 11:49,-380.0
Сбербанк,21.05.2025 11:17,1519.0
A.YU.,20.05.2025 08:52,-46.0
OBEDOV,20.05.2025 13:45,-176.0
Оплата товаров и услуг OKEY,19.05.2025 21:48,-5431.19
Оплата товаров и услуг OKEY,20.05.2025 19:11,-1396.01
Сбербанк,22.05.2025 19:37,1254.0
клиента,22.05.2025 19:37,-2336.03
клиента,23.05.2025 03:08,1590.0
клиента,23.05.2025 18:15,2344.0
клиента,24.05.2025 10:01,1.0
Оплата СБП QR (Сервисы Яндекса),24.05.2025 10:01,-1.0
клиента,24.05.2025 10:08,9.0
Оплата СБП QR (Сервисы Яндекса),24.05.2025 10:08,-9.0
клиента,24.05.2025 12:41,256.0
FITNESS_HOUSE,23.05.2025 03:08,-1590.0
Оплата товаров и услуг OKEY,22.05.2025 18:01,-436.97
Сбербанк,24.05.2025 22:38,2716.0
клиента,24.05.2025 22:39,-2716.0
Оплата товаров и услуг KAMBER,23.05.2025 18:15,-2344.0
клиента,25.05.2025 20:28,1501.0
клиента,25.05.2025 20:54,132.0
клиента,25.05.2025 23:21,2800.0
клиента,26.05.2025 10:31,46.0
BULOCHNAYA 113,24.05.2025 12:41,-256.0
клиента,26.05.2025 20:16,2030.84
эксп.дост.),26.05.2025 20:16,-2030.84
клиента,27.05.2025 15:05,147.0
клиента,27.05.2025 15:06,65.0
1170,25.05.2025 20:28,-1501.0
CEKH 85,25.05.2025 20:54,-132.0
PONG,25.05.2025 23:21,-2800.0
OBEDOV,27.05.2025 15:05,-147.0
OBEDOV,27.05.2025 15:06,-65.0
LESNAYA,26.05.2025 10:31,-46.0
клиента,28.05.2025 18:29,105.0
клиента,28.05.2025 23:40,823.0
Оплата СБП QR (Сервисы Яндекса),28.05.2025 23:40,-823.0
клиента,28.05.2025 23:40,7.0
Оплата СБП QR (Сервисы Яндекса),28.05.2025 23:40,-7.0
RETAIL,28.05.2025 18:29,-105.0
клиента,29.05.2025 17:28,988.54
клиента,29.05.2025 17:34,80.0
Сбербанк,30.05.2025 02:07,6380.33
клиента,30.05.2025 02:09,-6000.0
NIKOLAYEVA I.V.,29.05.2025 17:34,-80.0
клиента,30.05.2025 20:55,1059.57
PYATEROCHKA 7050,29.05.2025 17:28,-988.54
клиента,31.05.2025 00:56,1000.0
клиента,31.05.2025 13:01,475.0
клиента,31.05.2025 13:29,1606.8
YM*firstbyte,31.05.2025 00:56,-1000.0
клиента,31.05.2025 21:06,1705.0
BUKSHTYNOV,31.05.2025 13:01,-475.0
Оплата товаров и услуг SPBPU,31.05.2025 21:06,-1705.0
KING 0522,30.05.2025 20:55,-1439.9
клиента,01.06.2025 19:25,380.0
клиента,01.06.2025 21:27,1820.0
клиента,01.06.2025 23:07,595.0
Оплата СБП QR (Сервисы Яндекса),01.06.2025 23:07,-595.0
клиента,01.06.2025 23:07,5.0
Оплата СБП QR (Сервисы Яндекса),01.06.2025 23:07,-5.0
Сбербанк,02.06.2025 08:37,3000.0
клиента,02.06.2025 08:37,-3000.0
клиента,02.06.2025 12:33,32.0
клиента,02.06.2025 14:57,1623.67
клиента,02.06.2025 14:59,168.0
Оплата товаров и услуг OKEY,31.05.2025 13:29,-1606.8
клиента,03.06.2025 10:43,30.0
PRACHECHNAYA,01.06.2025 19:25,-380.0
GRUPP,01.06.2025 21:27,-1820.0
клиента,04.06.2025 13:22,714.42
эксп.дост.),04.06.2025 13:22,-714.42
LESNAYA,02.06.2025 12:33,-32.0
EVO_SUKHOFRUKTY,02.06.2025 14:59,-168.0
ERMOLINO,02.06.2025 14:57,-1623.67
клиента,05.06.2025 15:55,38.37
клиента,05.06.2025 16:06,1138.0
PRACHECHNAYA,03.06.2025 10:43,-30.0
клиента,06.06.2025 21:20,198.89
PIROGOVYY DVORIK,05.06.2025 16:06,-1138.0
клиента,07.06.2025 10:54,125.0
клиента,07.06.2025 12:07,62.0
клиента,07.06.2025 13:34,224.0
PYATEROCHKA 11,05.06.2025 15:55,-38.37
"""TRANS-BALT""",07.06.2025 10:54,-125.0
KRASNOE&BELOE,06.06.2025 21:20,-198.89
Оплата товаров и услуг AO SZPPK.,07.06.2025 13:34,-224.0
клиента,09.06.2025 15:34,11.0
клиента,09.06.2025 15:34,1734.0
BALTIJS AO SZ,07.06.2025 12:07,-62.0
клиента,10.06.2025 12:04,200.0
YANDEX*5815*PLUS,10.06.2025 12:04,-200.0
клиента,10.06.2025 13:25,625.0
YANDEX*5411*LAVKA,09.06.2025 15:34,-1745.0
клиента,10.06.2025 17:24,1529.0
Сбербанк,11.06.2025 18:52,10000.0
Сбербанк,11.06.2025 18:53,55776.67
клиента,11.06.2025 19:30,-65776.67
Оплата товаров и услуг CINNABON,10.06.2025 13:25,-625.0
Оплата товаров и услуг R NAUKI 23,10.06.2025 17:24,-1529.0
клиента,12.06.2025 22:26,2570.0
YARUMEN,12.06.2025 22:26,-2570.0
клиента,13.06.2025 16:18,1837.1
клиента,13.06.2025 16:40,586.0
KITCHEN_1,13.06.2025 16:40,-586.0
PYATEROCHKA 7050,13.06.2025 16:18,-1837.1
клиента,17.06.2025 18:55,122.78
клиента,18.06.2025 21:58,815.33
эксп.дост.),18.06.2025 21:58,-815.33
клиента,19.06.2025 10:11,380.0
клиента,19.06.2025 11:15,600.0
клиента,19.06.2025 13:29,399.98
клиента,19.06.2025 20:00,167.9
клиента,19.06.2025 20:06,454.0
клиента,19.06.2025 20:11,30.0
KRASNOE&BELOE,17.06.2025 18:55,-122.78
BUKSHTYNOV,19.06.2025 20:06,-454.0
клиента,20.06.2025 13:11,1304.5
Оплата СБП QR (Сервисы Яндекса),20.06.2025 13:11,-1304.5
клиента,20.06.2025 13:12,5.5
Оплата СБП QR (Сервисы Яндекса),20.06.2025 13:12,-5.5
Яндекса),20.06.2025 13:24,1304.5
Яндекса),20.06.2025 13:24,5.5
Оплата СБП QR (Сервисы Яндекса),20.06.2025 13:45,-1304.5
Оплата СБП QR (Сервисы Яндекса),20.06.2025 13:45,-5.5
pay,19.06.2025 13:29,-399.98
клиента,20.06.2025 20:42,2600.0
ChatGPT),20.06.2025 20:42,-2600.0
клиента,20.06.2025 21:48,2500.38
PRACHECHNAYA,19.06.2025 20:11,-30.0
PRACHECHNAYA,19.06.2025 10:11,-380.0
Оплата товаров и услуг KHLEBNIK,19.06.2025 11:15,-600.0
PYATEROCHKA 7050,19.06.2025 20:00,-167.9
клиента,22.06.2025 01:22,350.0
+79516708737,22.06.2025 01:22,-350.0
Оплата товаров и услуг OKEY,20.06.2025 21:48,-2500.38
клиента,23.06.2025 21:37,82.69
клиента,23.06.2025 22:56,124.99
Сбербанк,24.06.2025 16:04,1953.0
Оплата СБП QR (Сервисы Яндекса),25.06.2025 13:32,-673.0
Сбербанк,25.06.2025 13:33,2716.0
Оплата СБП QR (Сервисы Яндекса),25.06.2025 13:56,-7.0
клиента,25.06.2025 15:19,344.0
KRASNOE&BELOE,23.06.2025 21:37,-82.69
PEREKRESTOK YAKHTENNAY,23.06.2025 22:56,-124.99
Оплата товаров и услуг Idolcut,25.06.2025 15:08,-2500.0
клиента,27.06.2025 12:12,56.0
VASILEOSTROVSKAYA N 30,25.06.2025 15:19,-1501.0
BULOCHNAYA 48,25.06.2025 15:12,-296.0
BULOCHNAYA 48,25.06.2025 15:12,-36.0
клиента,28.06.2025 17:27,1220.0
клиента,28.06.2025 18:42,400.0
клиента,28.06.2025 20:18,112.77
Оплата товаров и услуг IP Yun O. B.,28.06.2025 17:27,-1220.0
131,27.06.2025 12:12,-56.0
клиента,30.06.2025 10:26,81.0
клиента,30.06.2025 10:28,90.0
клиента,30.06.2025 12:22,514.0
клиента,30.06.2025 14:25,148.0
KRASNOE&BELOE,28.06.2025 20:18,-112.77
RETAIL,30.06.2025 10:26,-81.0
RETAIL,30.06.2025 10:28,-90.0
OBEDOV,30.06.2025 12:22,-514.0
Оплата товаров и услуг MENGA,28.06.2025 18:42,-400.0
Сбербанк,01.07.2025 14:42,96130.08
клиента,01.07.2025 14:50,-96130.08
клиента,01.07.2025 17:18,48.0
клиента,01.07.2025 17:31,129.99
KITCHEN_2,30.06.2025 14:25,-148.0
клиента,01.07.2025 19:15,5671.82
клиента,02.07.2025 17:36,700.0
клиента,02.07.2025 23:51,2220.0
клиента,03.07.2025 13:42,1011.0
Оплата СБП QR (Сервисы Яндекса),03.07.2025 13:42,-1011.0
клиента,03.07.2025 13:57,9.0
Оплата СБП QR (Сервисы Яндекса),03.07.2025 13:57,-9.0
STAR CAFE,02.07.2025 23:51,-2220.0
Y.M*N859142,02.07.2025 17:36,-700.0
клиента,03.07.2025 17:05,109.0
LESNAYA,01.07.2025 17:18,-48.0
Оплата товаров и услуг OKEY,01.07.2025 19:15,-5671.82
PEREOSMYSLEN,01.07.2025 17:31,-129.99
клиента,05.07.2025 14:53,1140.0
LYUBYAT,03.07.2025 17:05,-109.0
клиента,05.07.2025 21:32,1848.0
клиента,05.07.2025 21:55,1360.0
клиента,05.07.2025 23:19,314.24
PRACHECHNAYA,05.07.2025 14:53,-1140.0
78666D,05.07.2025 23:19,-314.24
CVETY,05.07.2025 21:32,-1848.0
Оплата товаров и услуг KULTURA,05.07.2025 21:55,-1360.0
клиента,07.07.2025 23:28,765.0
клиента,08.07.2025 20:47,271.0
Оплата СБП QR (NETMONET),08.07.2025 20:47,-271.0
клиента,08.07.2025 22:24,205.0
Оплата товаров и услуг QSR 21122,07.07.2025 23:28,-765.0
клиента,09.07.2025 22:30,1296.23
клиента,10.07.2025 12:04,200.0
YANDEX*5815*PLUS,10.07.2025 12:04,-200.0
Оплата товаров и услуг SPBPU,09.07.2025 22:30,-1296.23
BULOCHNAYA 89,08.07.2025 22:24,-205.0
клиента,10.07.2025 22:32,2170.0
клиента,11.07.2025 17:52,124.99
клиента,11.07.2025 17:58,4700.0
клиента,12.07.2025 00:24,250.0
клиента,12.07.2025 00:57,2196.0
клиента,12.07.2025 03:44,1200.0
GALEREYA,10.07.2025 22:32,-2170.0
клиента,13.07.2025 11:57,1684.0
клиента,13.07.2025 15:57,560.0
PEREKRESTOK BUKHARESTS,11.07.2025 17:52,-124.99
Оплата товаров и услуг RCP,11.07.2025 17:58,-4700.0
Оплата товаров и услуг KAFE,12.07.2025 00:24,-250.0
Оплата товаров и услуг KAFE,12.07.2025 00:57,-2196.0
Оплата товаров и услуг KAFE,12.07.2025 03:44,-1200.0
Сбербанк,13.07.2025 21:46,6950.0
Оплата товаров и услуг IP Do Sin E,13.07.2025 11:57,-1684.0
Dried fruit,13.07.2025 15:57,-560.0
YANDEX*5411*LAVKA,15.07.2025 16:15,-851.0
Оплата товаров и услуг SPAR 909,13.07.2025 23:22,-4300.68
Сбербанк,16.07.2025 15:00,11900.0
Оплата СБП QR (Сервисы Яндекса),16.07.2025 15:24,-688.0
Оплата СБП QR (Сервисы Яндекса),16.07.2025 15:24,-2.0
Яндекса),16.07.2025 15:34,688.0
Яндекса),16.07.2025 15:34,2.0
Оплата СБП QR (Сервисы Яндекса),16.07.2025 15:35,-688.0
Оплата СБП QR (Сервисы Яндекса),16.07.2025 15:35,-2.0
клиента,16.07.2025 15:54,-13008.32
клиента,16.07.2025 18:42,332.0
Оплата СБП QR (Сервисы Яндекса),16.07.2025 18:42,-332.0
клиента,16.07.2025 18:49,8.0
Оплата СБП QR (Сервисы Яндекса),16.07.2025 18:49,-8.0
Яндекса),16.07.2025 19:14,95.0
клиента,16.07.2025 21:16,1865.0
клиента,16.07.2025 21:16,4297.0
клиента,16.07.2025 21:20,543.0
Оплата СБП QR (NETMONET),16.07.2025 21:20,-543.0
клиента,16.07.2025 22:37,149.0
клиента,16.07.2025 22:43,690.0
клиента,17.07.2025 01:05,204.56
клиента,17.07.2025 11:51,1065.95
Сбербанк,17.07.2025 14:32,3000.0
Оплата товаров и услуг MAKKOLI,16.07.2025 21:16,-4297.0
клиента,18.07.2025 10:11,-3000.0
SOYUZ,16.07.2025 21:16,-1960.0
LYUBYAT,16.07.2025 22:37,-149.0
LYUBYAT,16.07.2025 22:43,-690.0
клиента,18.07.2025 21:27,122.5
клиента,18.07.2025 21:29,50.0
PEREKRESTOK KUSHELEVKA,17.07.2025 01:05,-204.56
KING 0124,17.07.2025 11:51,-1065.95
KITCHEN_1,18.07.2025 21:27,-122.5
KITCHEN_1,18.07.2025 21:29,-50.0
клиента,19.07.2025 21:58,109.99
клиента,19.07.2025 23:43,109.0
клиента,20.07.2025 02:01,169.0
клиента,20.07.2025 02:09,99.0
клиента,20.07.2025 02:10,1.0
YANDEX*8398*CHARITY,20.07.2025 02:10,-1.0
клиента,20.07.2025 02:35,1558.82
клиента,20.07.2025 13:33,1654.0
YANDEX*7999*SCOOTERS,20.07.2025 02:09,-99.0
YANDEX*7999*SCOOTERS,20.07.2025 02:01,-169.0
клиента,20.07.2025 14:46,990.0
клиента,20.07.2025 14:59,6600.0
клиента,20.07.2025 18:13,1370.0
клиента,20.07.2025 18:44,130.0
клиента,20.07.2025 20:11,200.0
клиента,20.07.2025 20:39,230.0
клиента,20.07.2025 20:45,100.0
клиента,20.07.2025 20:55,100.0
клиента,20.07.2025 21:01,229.0
клиента,20.07.2025 21:02,69.0
клиента,20.07.2025 21:02,1.0
YANDEX*8398*CHARITY,20.07.2025 21:02,-1.0
AV,20.07.2025 14:46,-990.0
YANDEX*7999*SCOOTERS,20.07.2025 21:02,-69.0
YANDEX*7999*SCOOTERS,20.07.2025 20:55,-100.0
YANDEX*7999*SCOOTERS,20.07.2025 21:01,-229.0
YANDEX*7999*SCOOTERS,20.07.2025 20:45,-100.0
YANDEX*7999*SCOOTERS,20.07.2025 20:39,-230.0
FOODCOMB,20.07.2025 18:13,-1370.0
FOODCOMB,20.07.2025 18:45,-130.0
Оплата товаров и услуг IP U EA,20.07.2025 13:33,-1654.0
KRASNOE&BELOE,19.07.2025 21:58,-109.99
Оплата товаров и услуг MARKET,19.07.2025 23:43,-109.0
Сбербанк,21.07.2025 22:03,850.0
Оплата товаров и услуг IP KOZHIN,20.07.2025 20:11,-200.0
PITERLEND_AKVA_SPA,20.07.2025 14:59,-6600.0
SAINT-TETERS,20.07.2025 02:35,-1558.82
Оплата СБП QR (Сервисы Яндекса),22.07.2025 18:08,-366.0
Оплата СБП QR (Сервисы Яндекса),22.07.2025 18:08,-4.0
клиента,22.07.2025 22:09,696.1
Оплата СБП QR (Сервисы Яндекса),22.07.2025 22:09,-766.1
клиента,22.07.2025 22:09,3.9
Оплата СБП QR (Сервисы Яндекса),22.07.2025 22:09,-3.9
клиента,23.07.2025 14:23,20560.0
YANDEX*5399*SPLIT,23.07.2025 14:24,-20560.0
PRACHECHNAYA,22.07.2025 13:40,-380.0
PRACHECHNAYA,22.07.2025 20:35,-30.0
клиента,25.07.2025 22:00,2042.68
клиента,26.07.2025 10:12,1501.0
клиента,26.07.2025 10:26,140.0
клиента,26.07.2025 15:02,2960.0
клиента,27.07.2025 10:10,270.0
Оплата СБП QR (Сервисы Яндекса),27.07.2025 10:10,-270.0
SAINT-TETERS,25.07.2025 22:00,-2042.68
1174,26.07.2025 10:12,-1501.0
Оплата товаров и услуг KEBAB 24,26.07.2025 10:26,-140.0
R.G.,26.07.2025 15:02,-2960.0
клиента,29.07.2025 21:47,247.27
клиента,30.07.2025 00:08,299.9
клиента,30.07.2025 18:55,1080.0
KRASNOE&BELOE,29.07.2025 21:47,-247.27
клиента,31.07.2025 16:17,1462.0
Оплата СБП QR (Сервисы Яндекса),31.07.2025 16:17,-1462.0
клиента,31.07.2025 16:17,8.0
Оплата СБП QR (Сервисы Яндекса),31.07.2025 16:17,-8.0
R.G.,30.07.2025 18:55,-1080.0
78005D,30.07.2025 00:08,-299.9
клиента,01.08.2025 19:50,3060.0
клиента,01.08.2025 19:51,2020.0
клиента,01.08.2025 21:36,2790.0
клиента,01.08.2025 21:42,59.99
клиента,01.08.2025 21:46,1199.0
клиента,01.08.2025 21:50,343.0
Оплата СБП QR (Сервисы Яндекса),01.08.2025 21:50,-343.0
клиента,01.08.2025 21:58,7.0
Оплата СБП QR (Сервисы Яндекса),01.08.2025 21:58,-7.0
клиента,02.08.2025 05:16,501.0
Оплата СБП QR (Сервисы Яндекса),02.08.2025 05:16,-501.0
клиента,02.08.2025 05:22,9.0
Оплата СБП QR (Сервисы Яндекса),02.08.2025 05:22,-9.0
клиента,02.08.2025 21:21,127.0
клиента,02.08.2025 22:05,219.98
SHAROVA,01.08.2025 19:51,-3060.0
EVROPOLIS,01.08.2025 21:37,-2790.0
Оплата товаров и услуг BUKVOED,01.08.2025 21:46,-1199.0
Оплата товаров и услуг OKEY,01.08.2025 21:42,-59.99
Оплата товаров и услуг MAKKOLI.__,01.08.2025 19:51,-2020.0
Оплата товаров и услуг APTEKA 269,02.08.2025 21:21,-127.0
PEREKRESTOK,02.08.2025 22:05,-219.98
клиента,04.08.2025 17:09,1790.0
клиента,04.08.2025 18:01,527.0
клиента,04.08.2025 18:07,194.99
клиента,05.08.2025 12:40,81.0
клиента,05.08.2025 12:41,105.0
EXPRESSMEDSERVICE,04.08.2025 17:09,-1790.0
клиента,06.08.2025 02:53,1798.93
Оплата СБП QR (Сервисы Яндекса),06.08.2025 02:53,-1798.93
клиента,06.08.2025 02:53,1.07
Оплата СБП QR (Сервисы Яндекса),06.08.2025 02:53,-1.07
Яндекса),06.08.2025 02:53,1798.93
Яндекса),06.08.2025 02:53,1.07
Оплата СБП QR (Сервисы Яндекса),06.08.2025 02:56,-1700.93
Оплата СБП QR (Сервисы Яндекса),06.08.2025 02:56,-9.07
клиента,06.08.2025 07:36,70.0
клиента,06.08.2025 08:22,72.0
RETAIL,05.08.2025 12:41,-105.0
RETAIL,05.08.2025 12:40,-81.0
клиента,06.08.2025 14:17,35700.0
С.Ф.),06.08.2025 14:18,-35700.0
ХАБАРОВА С.Ф.),06.08.2025 14:19,35700.0
С.Ф.),06.08.2025 14:20,-35700.0
Оплата товаров и услуг B-12,04.08.2025 18:01,-527.0
KRASNOE&BELOE,04.08.2025 18:08,-194.99
клиента,06.08.2025 15:14,2358.0
Оплата СБП QR (Ингосстрах),06.08.2025 15:14,-2358.0
клиента,06.08.2025 18:56,72.0
клиента,06.08.2025 19:25,124.0
клиента,07.08.2025 12:01,1970.0
Оплата СБП QR (PSBP_FLOWWOW),07.08.2025 12:01,-1970.0
Severo-Zapadnaya p,06.08.2025 19:25,-124.0
"""TRANS-BALT""",06.08.2025 08:22,-72.0
"""TRANS-BALT""",06.08.2025 18:56,-72.0
"""TRANS-BALT""",07.08.2025 14:13,-72.0
клиента,07.08.2025 16:05,1413.0
Оплата СБП QR (Сервисы Яндекса),07.08.2025 16:05,-1341.0
клиента,07.08.2025 16:05,9.0
Оплата СБП QR (Сервисы Яндекса),07.08.2025 16:05,-9.0
Оплата товаров и услуг PRODUKTY,06.08.2025 07:36,-160.0
клиента,08.08.2025 19:58,20560.0
клиента,09.08.2025 12:09,200.0
Оплата СБП QR (Сервисы Яндекса),09.08.2025 12:09,-20560.0
YANDEX*5815*PLUS,09.08.2025 12:04,-200.0
клиента,09.08.2025 21:39,701.4
LIGHT,09.08.2025 21:39,-701.4
клиента,10.08.2025 19:26,1378.27
клиента,12.08.2025 13:23,380.0
клиента,12.08.2025 15:22,30.0
клиента,12.08.2025 16:13,29.99
клиента,12.08.2025 16:20,74.99
клиента,12.08.2025 16:21,53.0
PYATEROCHKA 7050,10.08.2025 19:26,-1378.27
клиента,12.08.2025 22:44,2403.35
Оплата товаров и услуг LEONTIN,12.08.2025 16:21,-53.0
PRACHECHNAYA,12.08.2025 13:23,-380.0
PRACHECHNAYA,12.08.2025 15:22,-30.0
PEREKRESTOK KUSHELEVKA,12.08.2025 22:44,-2403.35
SEMISHAGOFF,12.08.2025 16:20,-74.99
SEMISHAGOFF,12.08.2025 16:13,-29.99
Сбербанк,15.08.2025 12:12,11427.87
клиента,15.08.2025 12:13,-11427.87
клиента,15.08.2025 20:38,590.0
клиента,15.08.2025 20:42,500.0
клиента,15.08.2025 21:36,582.4
клиента,15.08.2025 23:15,276.0
Оплата СБП QR (KUPIKOD),15.08.2025 23:15,-276.0
клиента,15.08.2025 23:55,57.5
Оплата СБП QR (plati.market),15.08.2025 23:55,-57.5
клиента,16.08.2025 04:27,2619.0
Оплата СБП QR (Сервисы Яндекса),16.08.2025 04:27,-2619.0
клиента,16.08.2025 04:27,1.0
Оплата СБП QR (Сервисы Яндекса),16.08.2025 04:27,-1.0
Яндекса),16.08.2025 05:00,2619.0
Яндекса),16.08.2025 05:00,1.0
Оплата СБП QR (Сервисы Яндекса),16.08.2025 05:09,-2619.0
Оплата СБП QR (Сервисы Яндекса),16.08.2025 05:09,-1.0
M. V.,15.08.2025 20:42,-500.0
LIGHT,15.08.2025 21:36,-582.4
Оплата товаров и услуг ESH FRESH,15.08.2025 20:38,-590.0
клиента,17.08.2025 22:38,875.95
клиента,18.08.2025 00:30,189.0
клиента,18.08.2025 00:45,50.0
YANDEX*7999*SCOOTERS,18.08.2025 00:45,-50.0
YANDEX*7999*SCOOTERS,18.08.2025 00:30,-189.0
клиента,18.08.2025 17:45,643.95
Оплата СБП QR (MobaPay),18.08.2025 17:45,-643.95
клиента,18.08.2025 17:45,167.67
Оплата СБП QR (MobaPay),18.08.2025 17:45,-167.67
PEREKRESTOK KUSHELEVKA,17.08.2025 22:38,-875.95
клиента,20.08.2025 10:37,141.0
перевозок_13),20.08.2025 10:37,-141.0
клиента,20.08.2025 12:47,301.97
клиента,20.08.2025 16:52,125.0
клиента,20.08.2025 19:26,973.92
клиента,20.08.2025 19:46,378.0
клиента,21.08.2025 12:39,125.0
клиента,21.08.2025 13:41,532.0
Оплата СБП QR (Сервисы Яндекса),21.08.2025 13:42,-532.0
клиента,21.08.2025 13:53,8.0
Оплата СБП QR (Сервисы Яндекса),21.08.2025 13:53,-8.0
"""TRANS-BALT""",20.08.2025 16:52,-125.0
клиента,21.08.2025 19:31,15500.0
клиента,21.08.2025 20:16,72.0
клиента,21.08.2025 20:42,125.0
клиента,22.08.2025 11:42,380.0
клиента,22.08.2025 13:28,1040.0
клиента,22.08.2025 13:32,259.0
клиента,22.08.2025 13:41,500.0
клиента,22.08.2025 13:42,500.0
Сбербанк,22.08.2025 13:42,5000.0
Оплата СБП QR (Сервисы Яндекса),22.08.2025 14:04,-1517.0
"""TRANS-BALT""",21.08.2025 12:39,-125.0
"""TRANS-BALT""",21.08.2025 20:16,-72.0
"""TRANS-BALT""",21.08.2025 20:42,-125.0
Оплата СБП QR (Сервисы Яндекса),22.08.2025 14:40,-3.0
KHABAROVA SF,21.08.2025 19:32,-15500.0
Оплата товаров и услуг CEKH 85,20.08.2025 19:46,-378.0
MM NOCHEVKA,20.08.2025 12:47,-301.97
PYATEROCHKA 11092,20.08.2025 19:27,-973.92
Ladozhskaya N4043,22.08.2025 13:43,-500.0
Ladozhskaya N4043,22.08.2025 13:42,-500.0
Ladozhskaya N4043,22.08.2025 13:42,-500.0
Ladozhskaya N4043,22.08.2025 13:41,-500.0
Ladozhskaya N4043,22.08.2025 13:42,-500.0
Оплата товаров и услуг IP ILINA KI,22.08.2025 19:29,-1630.0
клиента,23.08.2025 14:04,2880.0
клиента,23.08.2025 14:11,1734.0
клиента,24.08.2025 12:28,600.0
PRACHECHNAYA,22.08.2025 11:42,-380.0
VESELAYA ZATEY,22.08.2025 13:28,-1040.0
PEKARNYA,22.08.2025 13:32,-259.0
клиента,25.08.2025 13:03,641.0
Оплата СБП QR (Сервисы Яндекса),25.08.2025 13:03,-641.0
клиента,25.08.2025 13:03,189.0
клиента,25.08.2025 13:13,9.0
Оплата СБП QR (Сервисы Яндекса),25.08.2025 13:13,-9.0
клиента,25.08.2025 13:24,50.0
клиента,25.08.2025 15:03,523.0
Оплата СБП QR (Сервисы Яндекса),25.08.2025 15:04,-523.0
клиента,25.08.2025 15:04,7.0
Оплата СБП QR (Сервисы Яндекса),25.08.2025 15:04,-7.0
Оплата товаров и услуг KAFE,23.08.2025 14:11,-1734.0
"Оплата товаров и услуг KAFE,",23.08.2025 14:04,-3230.0
клиента,26.08.2025 12:26,80.0
клиента,26.08.2025 12:58,80.0
Сбербанк,26.08.2025 13:06,10432.0
YANDEX*7999*SCOOTERS,25.08.2025 13:03,-189.0
YANDEX*7999*SCOOTERS,25.08.2025 13:24,-50.0
ESH,24.08.2025 12:28,-600.0
Оплата СБП QR (Сервисы Яндекса),26.08.2025 20:13,-1088.4
Оплата СБП QR (Сервисы Яндекса),26.08.2025 20:13,-1.6
AO TRETI,26.08.2025 12:58,-80.0
Оплата товаров и услуг Foto,26.08.2025 14:44,-700.0
Karting SPb,26.08.2025 13:57,-250.0
Karting SPb,26.08.2025 14:10,-600.0
GOREHLEKTROTRANS,26.08.2025 12:26,-80.0
Оплата товаров и услуг IP U EA,26.08.2025 15:40,-3657.0
Оплата СБП QR (НЕТМОНЕТ),27.08.2025 15:22,-543.0
перевозок_13),27.08.2025 22:07,-80.0
Оплата СБП QR (Сервисы Яндекса),28.08.2025 12:47,-1.0
Оплата СБП QR (Сервисы Яндекса),28.08.2025 12:47,-9.0
Оплата СБП QR (Сервисы Яндекса),28.08.2025 12:49,-137.0
Оплата СБП QR (Сервисы Яндекса),28.08.2025 12:49,-3.0
VASILEOSTROVSKAYA N 30,26.08.2025 13:11,-1599.0
клиента,28.08.2025 15:39,110413.7
Оплата СБП QR (Сервисы Яндекса),28.08.2025 15:41,-41117.0
Оплата товаров и услуг FINIK_YU,26.08.2025 16:59,-73.0
SPORTKOMPLEKS 3,27.08.2025 12:02,-200.0
Оплата товаров и услуг IP Do Sin E,28.08.2025 16:03,-1356.0
LESNOY,27.08.2025 16:26,-360.0
Банк,29.08.2025 21:03,-4000.0
LESNAYA,29.08.2025 20:49,-140.0
1,31.08.2025 17:26,-1825.0
YM*firstbyte rus,31.08.2025 11:10,-800.0
LIGOVSKIJ,31.08.2025 18:54,-2290.0
PYATEROCHKA 7050,31.08.2025 20:14,-1138.93
Банк,03.09.2025 13:37,-5000.0
клиента,03.09.2025 16:18,-51875.27
PYATEROCHKA 7050,02.09.2025 18:11,-1258.5
Оплата товаров и услуг B110,02.09.2025 15:35,-79.0
клиента,04.09.2025 17:23,2150.0
65395,02.09.2025 17:15,-664.0
клиента,04.09.2025 17:45,3422.0
Оплата СБП QR (NEVSKYI),04.09.2025 17:45,-3422.0
клиента,05.09.2025 13:24,200.0
клиента,05.09.2025 16:17,257.0
R.G.,04.09.2025 17:23,-2150.0
KITCHEN_2,05.09.2025 16:17,-257.0
KEBAB,05.09.2025 13:24,-200.0
клиента,08.09.2025 12:04,200.0
клиента,08.09.2025 12:09,260.0
YANDEX*5815*PLUS,08.09.2025 12:04,-200.0
клиента,08.09.2025 13:51,345.0
клиента,08.09.2025 19:30,2410.0
Agroservis,08.09.2025 13:51,-345.0
PITANIE,08.09.2025 12:09,-260.0
клиента,09.09.2025 21:37,1157.88
Сбербанк,10.09.2025 13:56,1660.0
R.G.,08.09.2025 19:30,-2410.0
клиента,11.09.2025 15:44,1128.0
PYATEROCHKA 7050,09.09.2025 21:37,-1157.88
Оплата товаров и услуг SPBPU,11.09.2025 15:44,-1660.0
клиента,12.09.2025 18:10,309.0
клиента,12.09.2025 19:17,614.0
Оплата СБП QR (Сервисы Яндекса),12.09.2025 19:17,-614.0
клиента,12.09.2025 19:18,6.0
Оплата СБП QR (Сервисы Яндекса),12.09.2025 19:18,-6.0
клиента,12.09.2025 22:02,5300.0
клиента,12.09.2025 23:13,86.0
PIROGOVYY DVORIK,12.09.2025 18:10,-309.0
Оплата товаров и услуг SUSHI WOK,11.09.2025 12:55,-1128.0
Оплата товаров и услуг METRO TPP,12.09.2025 23:13,-86.0
BARBEKYU,12.09.2025 22:02,-5300.0
клиента,14.09.2025 20:06,1449.7
Оплата товаров и услуг SPAR 909,14.09.2025 20:06,-1449.7
клиента,16.09.2025 16:59,194.0
Оплата СБП QR (Сервисы Яндекса),16.09.2025 16:59,-194.0
клиента,16.09.2025 16:59,6.0
Оплата СБП QR (Сервисы Яндекса),16.09.2025 16:59,-6.0
клиента,16.09.2025 18:33,3244.0
клиента,17.09.2025 12:50,1024.0
Оплата товаров и услуг SPBPU,16.09.2025 18:33,-3244.0
клиента,17.09.2025 16:31,2396.75
клиента,18.09.2025 13:45,482.0
клиента,18.09.2025 17:22,500.0
клиента,18.09.2025 19:19,1910.0
клиента,18.09.2025 21:45,109.9
Сбербанк,18.09.2025 22:27,8000.0
клиента,18.09.2025 22:28,-8000.0
клиента,19.09.2025 10:11,636.0
Оплата СБП QR (Сервисы Яндекса),19.09.2025 10:11,-636.0
клиента,19.09.2025 10:12,4.0
Оплата СБП QR (Сервисы Яндекса),19.09.2025 10:12,-4.0
CEKH85,17.09.2025 12:50,-1024.0
PYATEROCHKA 7050,17.09.2025 16:31,-2396.75
клиента,19.09.2025 16:41,2920.77
NOVAYA GOLLANDIYA,18.09.2025 17:22,-500.0
108,18.09.2025 19:19,-1910.0
Оплата товаров и услуг B-12,18.09.2025 13:45,-482.0
78547D,18.09.2025 21:45,-109.9
Оплата товаров и услуг OKEY,19.09.2025 16:41,-2920.77
клиента,21.09.2025 17:23,1.0
клиента,21.09.2025 17:48,1183.7
клиента,22.09.2025 15:58,500.0
Сбербанк,22.09.2025 16:07,1600.0
клиента,22.09.2025 18:55,213.0
клиента,22.09.2025 19:35,2300.0
Оплата товаров и услуг SPBPU,22.09.2025 16:30,-1584.0
PEREKRESTKA_S,21.09.2025 17:48,-1184.7
клиента,23.09.2025 19:10,2455.35
клиента,24.09.2025 10:46,2600.0
ChatGPT),24.09.2025 10:46,-2600.0
клиента,24.09.2025 16:00,1110.0
NOVAYA GOLLANDIYA,22.09.2025 15:58,-500.0
Оплата товаров и услуг Pekarni,22.09.2025 19:35,-2300.0
Оплата товаров и услуг QSR 21006,22.09.2025 18:55,-229.0
PIROGOVYY DVORIK,24.09.2025 16:00,-1110.0
клиента,25.09.2025 14:17,479.0
PYATEROCHKA 7050,23.09.2025 19:10,-2455.35
клиента,26.09.2025 09:50,1599.0
клиента,26.09.2025 12:38,300.0
клиента,26.09.2025 12:44,350.0
Оплата СБП QR (t2),26.09.2025 12:44,-350.0
клиента,26.09.2025 20:15,150.0
клиента,26.09.2025 23:42,3879.0
Оплата СБП QR (NETMONET),26.09.2025 23:42,-3879.0
Сбербанк,26.09.2025 23:43,1717.0
VendProfi,26.09.2025 20:15,-150.0
LYUBYAT,25.09.2025 14:17,-479.0
1173,26.09.2025 09:50,-1599.0
клиента,28.09.2025 14:31,43.0
клиента,28.09.2025 15:21,2003.51
Оплата товаров и услуг KOWALSKI,26.09.2025 12:38,-300.0
клиента,28.09.2025 18:27,176.0
Оплата СБП QR (OZON),28.09.2025 18:27,-176.0
PRACHECHNAYA,27.09.2025 19:31,-1320.0
PEREKRESTOK KUSHELEVKA,28.09.2025 15:21,-2003.51
PRACHECHNAYA,28.09.2025 14:31,-440.0
клиента,02.10.2025 13:38,1292.0
клиента,02.10.2025 17:34,750.0
клиента,03.10.2025 02:03,338.0
Оплата СБП QR (OZON),03.10.2025 02:03,-338.0
клиента,03.10.2025 13:53,564.0
клиента,03.10.2025 15:55,202.0
Y.M*N859142,02.10.2025 17:34,-750.0
клиента,04.10.2025 15:10,1307.93
эксп.дост.),04.10.2025 15:10,-1307.93
CEKH85,02.10.2025 13:38,-1292.0
METROPOL,03.10.2025 13:53,-564.0
LYUBYAT,03.10.2025 15:55,-202.0
клиента,06.10.2025 11:02,305.0
Оплата СБП QR (Сервисы Яндекса),06.10.2025 11:02,-305.0
клиента,06.10.2025 11:02,5.0
Оплата СБП QR (Сервисы Яндекса),06.10.2025 11:02,-5.0
клиента,06.10.2025 11:24,84.99
Сбербанк,07.10.2025 13:32,1953.0
клиента,07.10.2025 14:12,641.18
клиента,08.10.2025 12:04,200.0
Оплата СБП QR (Сервисы Яндекса),08.10.2025 12:11,-200.0
клиента,08.10.2025 13:49,100.0
клиента,08.10.2025 16:06,442.0
клиента,08.10.2025 16:07,40.0
клиента,08.10.2025 16:17,448.76
SEVERNIY,06.10.2025 11:24,-84.99
клиента,09.10.2025 15:06,168.0
VendProfi,08.10.2025 13:49,-100.0
ERMOLINO,07.10.2025 13:59,-1412.76
MM TUCHKOV,07.10.2025 14:12,-1181.42
клиента,10.10.2025 13:24,567.0
клиента,10.10.2025 18:01,278.0
Оплата товаров и услуг B-12,08.10.2025 16:06,-442.0
Оплата товаров и услуг B-12,08.10.2025 16:07,-40.0
KRASNOE&BELOE,08.10.2025 16:17,-448.76
Оплата товаров и услуг B-85,09.10.2025 15:06,-168.0
Оплата товаров и услуг KHLEBNIK,10.10.2025 18:01,-278.0
Сбербанк,12.10.2025 16:06,522.0
EVO_KEBAB.,10.10.2025 13:24,-567.0
Сбербанк,14.10.2025 09:10,3650.74
Оплата товаров и услуг B-12,12.10.2025 16:21,-474.0
GOLOBOKOV,14.10.2025 14:07,-420.0
Сбербанк,16.10.2025 13:05,5000.0
Оплата товаров и услуг B-12,14.10.2025 19:18,-2.0
Оплата товаров и услуг B-12,14.10.2025 19:17,-130.0
Оплата СБП QR (t2),17.10.2025 11:40,-350.0
Озон Банк (Ozon),17.10.2025 12:11,-591.0
PRACHECHNAYA,15.10.2025 09:40,-440.0
клиента,17.10.2025 22:53,37.48
pay,17.10.2025 11:50,-1377.0
Оплата товаров и услуг IP Do Sin E,17.10.2025 22:07,-1536.8
SUBWAY_TOREZA,16.10.2025 13:51,-944.0
PYATEROCHKA 7050,16.10.2025 14:52,-815.4
PEREKRESTOK VOSSTANIYA,17.10.2025 22:53,-2130.02
клиента,19.10.2025 19:33,129.99
Сбербанк,19.10.2025 19:35,4120.0
Оплата СБП QR (Магнит),19.10.2025 19:49,-695.68
Оплата Сбер QR (FrutStore78_P_QR),19.10.2025 19:53,-100.0
PYATEROCHKA 7050,19.10.2025 19:33,-129.99
GOLOBOKOV,21.10.2025 17:07,-550.0
SERVIS,21.10.2025 20:57,-53.0
PEREKRESTOK VOSSTANIYA,20.10.2025 22:22,-2316.54
Оплата товаров и услуг B-12,22.10.2025 17:21,-225.0
Оплата товаров и услуг PEKARNYA,24.10.2025 13:41,-85.0
Альфа-Банк,30.10.2025 15:18,1300.0
Оплата СБП QR (Сервисы Яндекса),30.10.2025 15:31,-1384.0
Оплата СБП QR (Сервисы Яндекса),30.10.2025 16:06,-6.0
